;batch_id;pert_iname;cbkid;cmpd_conc;Count_nuclei_mean;PLS_pred_mean;CorrToUninf
0;BJ1894043;A-7;CBK289945;0.300;223.556;-0.107;-0.442
1;BJ1894043;A-7;CBK289945;3.333;236.000;0.100;0.148
2;BJ1894043;A-7;CBK289945;10.000;265.815;0.425;0.741
3;BJ1894043;A-7;CBK289945;30.000;234.407;0.496;0.685
4;BJ1894069;calpeptin;CBK040880;0.300;258.296;0.506;0.871
5;BJ1894069;calpeptin;CBK040880;3.333;273.185;0.880;0.940
6;BJ1894069;calpeptin;CBK040880;10.000;280.713;0.897;0.893
7;BJ1894069;calpeptin;CBK040880;30.000;269.444;0.781;0.756
8;BJ1894070;5-carboxamidotryptamine;CBK040883;0.300;231.157;0.012;-0.211
9;BJ1894070;5-carboxamidotryptamine;CBK040883;3.333;228.704;0.031;-0.119
10;BJ1894070;5-carboxamidotryptamine;CBK040883;10.000;245.259;-0.006;-0.172
11;BJ1894070;5-carboxamidotryptamine;CBK040883;30.000;240.222;0.038;0.116
12;BJ1894102;IPAG;CBK040912;0.100;232.741;0.025;-0.113
13;BJ1894102;IPAG;CBK040912;0.300;229.667;0.041;0.207
14;BJ1894102;IPAG;CBK040912;0.833;229.741;0.044;0.153
15;BJ1894102;IPAG;CBK040912;3.333;244.912;0.252;0.426
16;BJ1894112;alpha-methylhistamine-dihydrobromide-(S)-(+);CBK041295;0.300;250.407;0.068;0.383
17;BJ1894112;alpha-methylhistamine-dihydrobromide-(S)-(+);CBK041295;3.333;241.407;0.069;0.242
18;BJ1894112;alpha-methylhistamine-dihydrobromide-(S)-(+);CBK041295;10.000;239.815;0.110;0.454
19;BJ1894112;alpha-methylhistamine-dihydrobromide-(S)-(+);CBK041295;30.000;226.222;-0.044;-0.116
20;BJ1894117;tyrphostin-AG-835;CBK290325;0.300;233.370;0.200;0.635
21;BJ1894117;tyrphostin-AG-835;CBK290325;3.333;219.444;-0.014;-0.314
22;BJ1894117;tyrphostin-AG-835;CBK290325;10.000;219.000;-0.094;-0.409
23;BJ1894117;tyrphostin-AG-835;CBK290325;30.000;224.778;-0.137;-0.246
24;BJ1894124;parthenolide-(alternate-stereo);CBK041748;0.100;239.519;0.054;0.100
25;BJ1894124;parthenolide-(alternate-stereo);CBK041748;0.300;234.667;0.034;0.317
26;BJ1894124;parthenolide-(alternate-stereo);CBK041748;0.833;229.148;-0.052;-0.198
27;BJ1894124;parthenolide-(alternate-stereo);CBK041748;3.333;220.111;-0.130;-0.527
28;BJ1894152;3'-fluorobenzylspiperone;CBK040966;0.100;230.852;-0.033;-0.204
29;BJ1894152;3'-fluorobenzylspiperone;CBK040966;0.300;236.444;0.160;0.389
30;BJ1894152;3'-fluorobenzylspiperone;CBK040966;0.833;253.352;0.274;0.642
31;BJ1894152;3'-fluorobenzylspiperone;CBK040966;3.333;247.023;0.482;0.596
32;BJ1894156;tetrindole;CBK040980;0.100;241.926;0.023;0.040
33;BJ1894156;tetrindole;CBK040980;0.300;236.667;0.076;0.017
34;BJ1894156;tetrindole;CBK040980;0.833;239.407;0.213;0.377
35;BJ1894156;tetrindole;CBK040980;3.333;274.556;0.816;0.919
36;BJ1894160;pyrrolidine-dithiocarbamate;CBK040983;0.100;243.889;-0.052;-0.046
37;BJ1894160;pyrrolidine-dithiocarbamate;CBK040983;0.300;247.574;0.163;0.369
38;BJ1894160;pyrrolidine-dithiocarbamate;CBK040983;0.833;243.593;0.163;0.484
39;BJ1894160;pyrrolidine-dithiocarbamate;CBK040983;3.333;241.926;0.216;0.563
40;BJ1894176;N-benzylnaltrindole;CBK040998;0.100;236.963;0.068;0.157
41;BJ1894176;N-benzylnaltrindole;CBK040998;0.300;236.778;0.089;0.121
42;BJ1894176;N-benzylnaltrindole;CBK040998;0.833;240.778;0.180;0.341
43;BJ1894176;N-benzylnaltrindole;CBK040998;3.333;252.046;0.440;0.493
44;BJ1894182;bifemelane;CBK041009;0.300;238.074;0.015;-0.099
45;BJ1894182;bifemelane;CBK041009;3.333;247.296;0.294;0.562
46;BJ1894182;bifemelane;CBK041009;10.000;267.361;0.669;0.719
47;BJ1894182;bifemelane;CBK041009;30.000;252.181;0.848;0.536
48;BJ1894184;ICI-199441;CBK041013;0.300;227.259;0.025;-0.124
49;BJ1894184;ICI-199441;CBK041013;3.333;269.583;0.902;0.874
50;BJ1894184;ICI-199441;CBK041013;10.000;272.401;0.907;0.783
51;BJ1894184;ICI-199441;CBK041013;30.000;212.463;0.239;-0.048
52;BJ1894223;BNTX;CBK041064;0.100;236.037;0.049;0.169
53;BJ1894223;BNTX;CBK041064;0.300;247.333;0.140;0.498
54;BJ1894223;BNTX;CBK041064;0.833;250.852;0.459;0.829
55;BJ1894223;BNTX;CBK041064;3.333;207.625;0.619;0.734
56;BJ1894227;3-CPMT;CBK041071;0.100;246.148;-0.003;-0.048
57;BJ1894227;3-CPMT;CBK041071;0.300;230.907;0.065;-0.168
58;BJ1894227;3-CPMT;CBK041071;0.833;268.333;0.392;0.755
59;BJ1894227;3-CPMT;CBK041071;3.333;284.704;0.848;0.905
60;BJ1894253;RS-39604;CBK041096;0.100;232.903;-0.046;-0.305
61;BJ1894253;RS-39604;CBK041096;0.300;239.185;-0.010;-0.254
62;BJ1894253;RS-39604;CBK041096;0.833;245.444;0.098;0.049
63;BJ1894253;RS-39604;CBK041096;3.333;273.926;0.419;0.700
64;BJ1894256;spiperone;CBK041550;0.300;235.477;-0.048;-0.404
65;BJ1894256;spiperone;CBK041550;3.333;262.741;0.248;0.405
66;BJ1894256;spiperone;CBK041550;10.000;227.838;0.362;0.017
67;BJ1894256;spiperone;CBK041550;30.000;195.745;0.222;-0.161
68;BJ1894268;desmethylclozapine;CBK289964;0.300;233.630;0.056;0.159
69;BJ1894268;desmethylclozapine;CBK289964;3.333;255.778;0.457;0.812
70;BJ1894268;desmethylclozapine;CBK289964;10.000;260.519;0.820;0.712
71;BJ1894268;desmethylclozapine;CBK289964;30.000;268.958;0.825;0.630
72;BJ1894281;piribedil;CBK041124;0.300;228.519;-0.054;-0.414
73;BJ1894281;piribedil;CBK041124;3.333;224.667;-0.019;-0.233
74;BJ1894281;piribedil;CBK041124;10.000;227.111;0.037;-0.120
75;BJ1894281;piribedil;CBK041124;30.000;242.222;0.114;0.409
76;BJ1894305;zolantidine;CBK041344;0.300;235.741;0.021;-0.219
77;BJ1894305;zolantidine;CBK041344;3.333;275.630;0.636;0.879
78;BJ1894305;zolantidine;CBK041344;10.000;275.672;0.887;0.898
79;BJ1894305;zolantidine;CBK041344;30.000;279.587;0.659;0.567
80;BJ1894340;L-733060;CBK041217;0.300;231.963;0.050;0.166
81;BJ1894340;L-733060;CBK041217;3.333;258.074;0.550;0.880
82;BJ1894340;L-733060;CBK041217;10.000;272.000;0.941;0.902
83;BJ1894340;L-733060;CBK041217;30.000;167.275;0.195;-0.169
84;BJ1894363;brefeldin-A;CBK041186;0.100;246.981;0.705;0.767
85;BJ1894363;brefeldin-A;CBK041186;0.300;132.366;0.303;-0.011
86;BJ1894363;brefeldin-A;CBK041186;0.833;98.593;0.472;0.170
87;BJ1894363;brefeldin-A;CBK041186;3.333;92.053;0.417;0.106
88;BJ1894366;BHQ;CBK018513;0.300;250.333;0.114;0.349
89;BJ1894366;BHQ;CBK018513;3.333;223.880;-0.050;-0.358
90;BJ1894366;BHQ;CBK018513;10.000;229.704;-0.040;-0.465
91;BJ1894366;BHQ;CBK018513;30.000;241.704;0.003;-0.243
92;BJ1894368;SB-216641;CBK041191;0.100;241.444;0.044;-0.053
93;BJ1894368;SB-216641;CBK041191;0.300;230.000;0.098;0.086
94;BJ1894368;SB-216641;CBK041191;0.833;254.380;0.340;0.531
95;BJ1894368;SB-216641;CBK041191;3.333;282.667;0.825;0.713
96;BJ1894372;CY208-243;CBK041198;0.300;227.815;0.029;-0.080
97;BJ1894372;CY208-243;CBK041198;3.333;186.852;0.174;0.322
98;BJ1894372;CY208-243;CBK041198;10.000;190.963;0.373;0.491
99;BJ1894372;CY208-243;CBK041198;30.000;186.111;0.720;0.648
100;BJ1894388;anisomycin;CBK041766;0.100;232.185;0.831;0.856
101;BJ1894388;anisomycin;CBK041766;0.300;196.074;0.633;0.670
102;BJ1894388;anisomycin;CBK041766;0.833;152.370;0.509;0.438
103;BJ1894388;anisomycin;CBK041766;3.333;87.259;0.569;0.339
104;BJ1894449;kenpaullone;CBK289905;0.300;240.333;0.005;0.103
105;BJ1894449;kenpaullone;CBK289905;3.333;236.778;0.247;0.492
106;BJ1894449;kenpaullone;CBK289905;10.000;208.741;0.385;0.549
107;BJ1894449;kenpaullone;CBK289905;30.000;158.259;0.480;0.460
108;BJ1894461;homoharringtonine;CBK041256;0.300;163.370;0.284;0.365
109;BJ1894461;homoharringtonine;CBK041256;3.333;119.519;0.312;0.219
110;BJ1894461;homoharringtonine;CBK041256;10.000;105.259;0.349;0.246
111;BJ1894461;homoharringtonine;CBK041256;30.000;78.778;0.372;0.283
112;BJ1894484;GR-127935;CBK289999;0.100;228.630;-0.028;-0.311
113;BJ1894484;GR-127935;CBK289999;0.300;242.481;0.088;0.286
114;BJ1894484;GR-127935;CBK289999;0.833;247.370;0.268;0.667
115;BJ1894484;GR-127935;CBK289999;3.333;263.625;0.762;0.787
116;BJ1894492;rimcazole;CBK024349;0.300;249.111;0.024;0.169
117;BJ1894492;rimcazole;CBK024349;3.333;276.037;0.656;0.867
118;BJ1894492;rimcazole;CBK024349;10.000;263.681;0.847;0.775
119;BJ1894492;rimcazole;CBK024349;30.000;229.952;0.252;-0.035
120;BJ1894509;amodiaquine;CBK042147;0.300;254.481;0.220;0.559
121;BJ1894509;amodiaquine;CBK042147;3.333;278.481;0.852;0.889
122;BJ1894509;amodiaquine;CBK042147;10.000;300.519;0.793;0.731
123;BJ1894509;amodiaquine;CBK042147;30.000;261.370;0.145;0.044
124;BJ1894546;chlorhexidine;CBK042148;0.100;239.981;0.025;0.011
125;BJ1894546;chlorhexidine;CBK042148;0.300;238.519;0.127;0.235
126;BJ1894546;chlorhexidine;CBK042148;0.833;244.940;0.147;0.173
127;BJ1894546;chlorhexidine;CBK042148;3.333;260.593;0.040;-0.123
128;BJ1894548;chloroquine;CBK017143;0.300;253.074;0.095;0.268
129;BJ1894548;chloroquine;CBK017143;3.333;248.074;0.239;0.487
130;BJ1894548;chloroquine;CBK017143;10.000;253.370;0.470;0.778
131;BJ1894548;chloroquine;CBK017143;30.000;277.593;0.704;0.885
132;BJ1894559;clemastine;CBK041857;0.300;235.440;0.044;0.026
133;BJ1894559;clemastine;CBK041857;3.333;275.889;0.749;0.861
134;BJ1894559;clemastine;CBK041857;10.000;284.426;0.896;0.823
135;BJ1894559;clemastine;CBK041857;30.000;242.296;0.662;0.382
136;BJ1894563;clomifene;CBK042048;0.100;237.449;-0.001;-0.148
137;BJ1894563;clomifene;CBK042048;0.300;247.222;0.216;0.495
138;BJ1894563;clomifene;CBK042048;0.833;264.741;0.318;0.685
139;BJ1894563;clomifene;CBK042048;3.333;275.167;0.782;0.821
140;BJ1894592;dicycloverine;CBK042035;0.300;229.519;0.083;-0.062
141;BJ1894592;dicycloverine;CBK042035;3.333;261.444;0.429;0.817
142;BJ1894592;dicycloverine;CBK042035;10.000;264.898;0.676;0.899
143;BJ1894592;dicycloverine;CBK042035;30.000;272.778;0.780;0.900
144;BJ1894604;pyrithione-zinc;CBK307776;0.300;229.231;0.086;0.217
145;BJ1894604;pyrithione-zinc;CBK307776;3.333;53.067;0.288;-0.012
146;BJ1894604;pyrithione-zinc;CBK307776;30.000;13.000;0.243;0.081
147;BJ1894606;disulfiram;CBK042009;0.300;248.148;0.233;0.671
148;BJ1894606;disulfiram;CBK042009;3.333;246.852;0.309;0.607
149;BJ1894606;disulfiram;CBK042009;10.000;150.823;0.531;0.493
150;BJ1894606;disulfiram;CBK042009;30.000;146.000;0.551;0.144
151;BJ1894613;emetine;CBK042154;0.100;230.704;0.910;0.847
152;BJ1894613;emetine;CBK042154;0.300;204.889;0.698;0.704
153;BJ1894613;emetine;CBK042154;0.833;161.449;0.476;0.398
154;BJ1894613;emetine;CBK042154;3.333;142.000;0.518;0.330
155;BJ1894657;17-hydroxyprogesterone-caproate;CBK041985;0.300;241.741;0.116;0.372
156;BJ1894657;17-hydroxyprogesterone-caproate;CBK041985;3.333;244.194;0.196;0.480
157;BJ1894657;17-hydroxyprogesterone-caproate;CBK041985;10.000;251.704;0.290;0.667
158;BJ1894657;17-hydroxyprogesterone-caproate;CBK041985;30.000;245.000;0.769;0.808
159;BJ1894757;primaquine;CBK023967;0.300;240.259;0.042;-0.074
160;BJ1894762;prochlorperazine;CBK041880;0.300;240.783;0.059;-0.031
161;BJ1894762;prochlorperazine;CBK041880;3.333;287.085;0.779;0.892
162;BJ1894762;prochlorperazine;CBK041880;10.000;267.956;0.869;0.713
163;BJ1894762;prochlorperazine;CBK041880;30.000;157.476;0.351;0.032
164;BJ1894766;promethazine;CBK041882;0.300;241.963;0.045;0.136
165;BJ1894766;promethazine;CBK041882;3.333;262.704;0.628;0.828
166;BJ1894766;promethazine;CBK041882;10.000;273.398;0.745;0.784
167;BJ1894766;promethazine;CBK041882;30.000;263.407;0.851;0.590
168;BJ1894773;mepacrine;CBK042160;0.100;253.000;0.313;0.709
169;BJ1894773;mepacrine;CBK042160;0.300;251.296;0.337;0.728
170;BJ1894773;mepacrine;CBK042160;0.833;266.296;0.477;0.789
171;BJ1894773;mepacrine;CBK042160;3.333;244.815;0.907;0.676
172;BJ1894810;thioridazine;CBK041403;0.100;245.259;0.185;0.419
173;BJ1894810;thioridazine;CBK041403;0.300;245.741;0.089;0.128
174;BJ1894810;thioridazine;CBK041403;0.833;254.926;0.292;0.423
175;BJ1894810;thioridazine;CBK041403;3.333;279.058;0.857;0.817
176;BJ1894855;azelaic-acid;CBK011563;0.300;238.889;0.110;0.275
177;BJ1894855;azelaic-acid;CBK011563;3.333;226.481;0.028;-0.097
178;BJ1894855;azelaic-acid;CBK011563;10.000;241.352;0.041;0.094
179;BJ1894855;azelaic-acid;CBK011563;30.000;237.926;0.012;0.061
180;BJ1894899;fluphenazine;CBK042165;0.100;244.164;0.054;0.206
181;BJ1894899;fluphenazine;CBK042165;0.300;233.889;0.031;-0.018
182;BJ1894899;fluphenazine;CBK042165;0.833;213.204;0.380;0.589
183;BJ1894899;fluphenazine;CBK042165;3.333;280.519;0.669;0.842
184;BJ1894901;glafenine;CBK041507;0.300;247.222;0.083;0.325
185;BJ1894901;glafenine;CBK041507;3.333;199.667;0.197;0.357
186;BJ1894901;glafenine;CBK041507;10.000;267.704;0.239;0.580
187;BJ1894901;glafenine;CBK041507;30.000;241.407;0.714;0.776
188;BJ1894933;pimozide;CBK011699;0.300;219.361;0.021;-0.220
189;BJ1894933;pimozide;CBK011699;3.333;252.333;0.265;0.656
190;BJ1894933;pimozide;CBK011699;10.000;259.667;0.848;0.740
191;BJ1894933;pimozide;CBK011699;30.000;205.000;0.359;0.251
192;BJ1894949;suloctidil;CBK041551;0.300;239.481;0.046;-0.036
193;BJ1894949;suloctidil;CBK041551;3.333;261.630;0.261;0.365
194;BJ1894949;suloctidil;CBK041551;10.000;287.622;0.757;0.734
195;BJ1894949;suloctidil;CBK041551;30.000;165.630;0.249;0.002
196;BJ1895005;cycloheximide;CBK041619;0.300;218.074;0.941;0.877
197;BJ1895005;cycloheximide;CBK041619;3.333;197.000;0.708;0.677
198;BJ1895005;cycloheximide;CBK041619;10.000;184.667;0.565;0.470
199;BJ1895005;cycloheximide;CBK041619;30.000;178.593;0.525;0.430
200;BJ1895013;cyclosporin-A;CBK041855;0.300;225.667;0.034;0.157
201;BJ1895013;cyclosporin-A;CBK041855;3.333;249.074;0.413;0.711
202;BJ1895013;cyclosporin-A;CBK041855;10.000;257.593;0.456;0.668
203;BJ1895013;cyclosporin-A;CBK041855;30.000;237.667;0.405;0.395
204;BJ1895019;MONENSIN SODIUM;CBK200533;0.300;264.090;0.595;0.842
205;BJ1895019;MONENSIN SODIUM;CBK200533;3.333;247.495;0.902;0.804
206;BJ1895019;MONENSIN SODIUM;CBK200533;10.000;260.757;0.893;0.776
207;BJ1895019;MONENSIN SODIUM;CBK200533;30.000;270.867;0.890;0.743
208;BJ1895046;quinestrol;CBK307801;0.300;243.333;0.002;-0.047
209;BJ1895046;quinestrol;CBK307801;3.333;258.111;0.221;0.637
210;BJ1895046;quinestrol;CBK307801;10.000;205.460;0.726;0.633
211;BJ1895046;quinestrol;CBK307801;30.000;66.963;0.029;0.013
212;BJ1895069;fasudil;CBK040910;0.300;241.593;0.079;0.315
213;BJ1895069;fasudil;CBK040910;3.333;225.083;0.179;0.187
214;BJ1895069;fasudil;CBK040910;10.000;257.037;0.291;0.297
215;BJ1895069;fasudil;CBK040910;30.000;200.074;0.189;-0.006
216;BJ1895112;mefloquine;CBK041653;0.100;229.630;-0.124;-0.449
217;BJ1895112;mefloquine;CBK041653;0.300;229.333;0.095;0.306
218;BJ1895112;mefloquine;CBK041653;0.833;248.556;0.220;0.334
219;BJ1895112;mefloquine;CBK041653;3.333;277.972;0.765;0.913
220;BJ1895134;triflupromazine;CBK011696;0.300;233.208;0.068;0.137
221;BJ1895134;triflupromazine;CBK011696;3.333;256.407;0.572;0.716
222;BJ1895134;triflupromazine;CBK011696;10.000;271.565;0.900;0.786
223;BJ1895134;triflupromazine;CBK011696;30.000;156.407;0.587;0.247
224;BJ1895144;cinnarazine;CBK041673;0.300;241.111;0.006;-0.110
225;BJ1895144;cinnarazine;CBK041673;3.333;242.481;0.053;0.200
226;BJ1895144;cinnarazine;CBK041673;10.000;250.005;0.152;0.446
227;BJ1895144;cinnarazine;CBK041673;30.000;245.741;0.357;0.783
228;BJ1895156;perhexiline;CBK041686;0.100;233.185;0.038;-0.057
229;BJ1895156;perhexiline;CBK041686;0.300;225.926;-0.069;-0.423
230;BJ1895156;perhexiline;CBK041686;0.833;241.523;0.272;0.423
231;BJ1895156;perhexiline;CBK041686;3.333;282.574;0.901;0.913
232;BJ1895205;metitepine;CBK041823;0.100;242.778;0.052;0.253
233;BJ1895205;metitepine;CBK041823;0.300;245.444;0.191;0.550
234;BJ1895205;metitepine;CBK041823;0.833;255.593;0.209;0.423
235;BJ1895205;metitepine;CBK041823;3.333;219.722;0.715;0.711
236;BJ1895213;selamectin;CBK307821;0.300;227.259;-0.029;-0.266
237;BJ1895213;selamectin;CBK307821;3.333;246.222;0.222;0.629
238;BJ1895213;selamectin;CBK307821;10.000;220.222;0.702;0.798
239;BJ1895213;selamectin;CBK307821;30.000;255.755;0.707;0.701
240;BJ1895283;fluoxetine;CBK011595;0.300;233.792;0.060;0.089
241;BJ1895283;fluoxetine;CBK011595;3.333;265.296;0.471;0.825
242;BJ1895283;fluoxetine;CBK011595;10.000;286.037;0.851;0.895
243;BJ1895283;fluoxetine;CBK011595;30.000;265.556;0.801;0.673
244;BJ1895296;simvastatin;CBK200552;0.100;240.889;0.068;-0.042
245;BJ1895296;simvastatin;CBK200552;0.300;239.667;0.063;0.287
246;BJ1895296;simvastatin;CBK200552;0.833;246.222;0.016;0.048
247;BJ1895296;simvastatin;CBK200552;3.333;230.222;-0.061;-0.395
248;BJ1895308;miglitol;CBK200599;0.300;247.926;0.171;0.551
249;BJ1895308;miglitol;CBK200599;3.333;234.000;0.032;-0.006
250;BJ1895308;miglitol;CBK200599;10.000;237.889;0.036;0.020
251;BJ1895308;miglitol;CBK200599;30.000;210.296;-0.018;-0.085
252;BJ1895339;mycophenolate-mofetil;CBK290570;0.300;244.708;0.102;0.332
253;BJ1895339;mycophenolate-mofetil;CBK290570;3.333;192.823;0.268;-0.045
254;BJ1895339;mycophenolate-mofetil;CBK290570;10.000;230.040;0.361;0.085
255;BJ1895339;mycophenolate-mofetil;CBK290570;30.000;214.431;0.505;0.218
256;BJ1895360;aztreonam;CBK200757;0.300;240.444;0.062;0.172
257;BJ1895360;aztreonam;CBK200757;3.333;228.741;-0.100;-0.336
258;BJ1895360;aztreonam;CBK200757;10.000;232.889;0.040;0.156
259;BJ1895360;aztreonam;CBK200757;30.000;249.667;0.110;0.425
260;BJ1895367;amlodipine;CBK200957;0.300;226.778;-0.087;-0.446
261;BJ1895367;amlodipine;CBK200957;3.333;258.648;0.331;0.662
262;BJ1895367;amlodipine;CBK200957;10.000;275.944;0.913;0.919
263;BJ1895367;amlodipine;CBK200957;30.000;213.000;0.504;0.178
264;BJ1895397;bifonazole;CBK161239;0.300;235.593;0.130;0.406
265;BJ1895397;bifonazole;CBK161239;3.333;263.037;-0.017;-0.019
266;BJ1895397;bifonazole;CBK161239;10.000;262.852;0.065;0.284
267;BJ1895397;bifonazole;CBK161239;30.000;239.481;0.430;0.721
268;BJ1895405;cepharanthine;CBK307876;0.300;245.815;0.040;0.052
269;BJ1895405;cepharanthine;CBK307876;3.333;258.481;0.346;0.718
270;BJ1895405;cepharanthine;CBK307876;10.000;283.722;0.702;0.869
271;BJ1895405;cepharanthine;CBK307876;30.000;242.213;0.596;0.375
272;BJ1895412;securinine;CBK307877;0.300;218.741;-0.021;-0.301
273;BJ1895412;securinine;CBK307877;3.333;230.630;-0.103;-0.414
274;BJ1895412;securinine;CBK307877;10.000;241.519;-0.065;-0.388
275;BJ1895412;securinine;CBK307877;30.000;210.516;0.051;-0.273
276;BJ1895423;MOMETASONE FUROATE;CBK200761;0.300;233.005;0.102;0.286
277;BJ1895423;MOMETASONE FUROATE;CBK200761;3.333;243.074;0.312;0.513
278;BJ1895423;MOMETASONE FUROATE;CBK200761;10.000;260.016;0.610;0.581
279;BJ1895423;MOMETASONE FUROATE;CBK200761;30.000;227.463;0.235;0.444
280;BJ1895431;duloxetine;CBK290905;0.300;239.889;0.034;0.111
281;BJ1895431;duloxetine;CBK290905;3.333;235.593;0.148;0.064
282;BJ1895431;duloxetine;CBK290905;10.000;278.481;0.775;0.824
283;BJ1895431;duloxetine;CBK290905;30.000;272.481;0.845;0.718
284;BJ1895486;raloxifene;CBK200785;0.100;222.963;-0.018;-0.095
285;BJ1895486;raloxifene;CBK200785;0.300;242.963;0.078;0.270
286;BJ1895486;raloxifene;CBK200785;0.833;230.593;-0.019;-0.163
287;BJ1895486;raloxifene;CBK200785;3.333;248.407;0.207;0.658
288;BJ1895492;toremifene;CBK200594;0.100;236.259;-0.037;-0.157
289;BJ1895492;toremifene;CBK200594;0.300;249.333;0.148;0.405
290;BJ1895492;toremifene;CBK200594;0.833;251.741;0.199;0.510
291;BJ1895492;toremifene;CBK200594;3.333;290.630;0.667;0.858
292;BJ1895494;penfluridol;CBK307905;0.100;238.074;0.051;0.037
293;BJ1895494;penfluridol;CBK307905;0.300;223.037;0.132;0.385
294;BJ1895494;penfluridol;CBK307905;0.833;263.815;0.390;0.720
295;BJ1895494;penfluridol;CBK307905;3.333;224.852;0.948;0.774
296;BJ1895591;norfluoxetine;CBK307930;0.300;236.481;0.023;0.254
297;BJ1895591;norfluoxetine;CBK307930;3.333;238.296;0.232;0.283
298;BJ1895591;norfluoxetine;CBK307930;10.000;291.593;0.862;0.860
299;BJ1895591;norfluoxetine;CBK307930;30.000;180.450;0.193;-0.197
300;BJ1895602;SB-216763;CBK288311;0.300;228.926;-0.159;-0.564
301;BJ1895602;SB-216763;CBK288311;3.333;232.852;-0.132;-0.409
302;BJ1895602;SB-216763;CBK288311;10.000;238.228;0.042;-0.174
303;BJ1895602;SB-216763;CBK288311;30.000;224.037;0.000;-0.181
304;BJ1895608;Y-29794;CBK290333;0.100;232.037;0.020;-0.142
305;BJ1895608;Y-29794;CBK290333;0.300;239.593;0.082;0.255
306;BJ1895608;Y-29794;CBK290333;0.833;260.185;0.360;0.790
307;BJ1895608;Y-29794;CBK290333;3.333;284.217;0.869;0.883
308;BJ1895611;U-18666A;CBK290025;0.100;227.259;-0.122;-0.519
309;BJ1895611;U-18666A;CBK290025;0.300;247.741;0.079;0.304
310;BJ1895611;U-18666A;CBK290025;0.833;264.815;0.323;0.483
311;BJ1895611;U-18666A;CBK290025;3.333;265.519;0.679;0.710
312;BJ1895612;AY-9944;CBK290472;0.300;244.588;0.228;0.606
313;BJ1895612;AY-9944;CBK290472;3.333;283.074;0.708;0.816
314;BJ1895612;AY-9944;CBK290472;10.000;283.577;0.636;0.481
315;BJ1895612;AY-9944;CBK290472;30.000;262.411;0.203;-0.050
316;BJ1895621;propiverine;CBK307938;0.300;236.852;0.115;0.280
317;BJ1895621;propiverine;CBK307938;3.333;278.333;0.654;0.893
318;BJ1895621;propiverine;CBK307938;10.000;280.708;0.930;0.864
319;BJ1895621;propiverine;CBK307938;30.000;253.792;0.829;0.651
320;BJ1895625;PD-102807;CBK290035;0.300;226.995;-0.068;-0.348
321;BJ1895625;PD-102807;CBK290035;3.333;255.556;0.500;0.884
322;BJ1895625;PD-102807;CBK290035;10.000;255.023;0.795;0.857
323;BJ1895625;PD-102807;CBK290035;30.000;213.667;0.454;0.374
324;BJ1895626;RU-28318;CBK290036;0.300;223.222;0.053;0.184
325;BJ1895626;RU-28318;CBK290036;3.333;238.958;-0.029;-0.094
326;BJ1895626;RU-28318;CBK290036;10.000;232.000;0.030;0.087
327;BJ1895626;RU-28318;CBK290036;30.000;232.963;-0.011;0.206
328;BJ1895647;tecalcet;CBK307943;0.300;228.148;-0.133;-0.567
329;BJ1895647;tecalcet;CBK307943;3.333;242.778;0.288;0.643
330;BJ1895647;tecalcet;CBK307943;10.000;269.227;0.876;0.923
331;BJ1895647;tecalcet;CBK307943;30.000;250.556;0.830;0.729
332;BJ1895648;R-96544;CBK290049;0.300;225.796;-0.048;-0.146
333;BJ1895648;R-96544;CBK290049;3.333;256.630;0.505;0.853
334;BJ1895648;R-96544;CBK290049;10.000;270.430;0.875;0.876
335;BJ1895648;R-96544;CBK290049;30.000;222.287;0.576;0.329
336;BJ1895650;BAY-11-7082;CBK290336;0.100;236.556;0.010;-0.048
337;BJ1895650;BAY-11-7082;CBK290336;0.300;230.611;-0.007;-0.323
338;BJ1895650;BAY-11-7082;CBK290336;0.833;222.370;-0.101;-0.485
339;BJ1895650;BAY-11-7082;CBK290336;3.333;201.556;-0.085;-0.444
340;BJ1895651;nemonapride;CBK011602H;0.300;233.185;-0.009;-0.249
341;BJ1895651;nemonapride;CBK011602H;3.333;259.852;0.533;0.856
342;BJ1895651;nemonapride;CBK011602H;10.000;284.481;0.752;0.893
343;BJ1895651;nemonapride;CBK011602H;30.000;276.994;0.971;0.749
344;BJ1895675;SR-33805;CBK290337;0.100;238.185;0.087;0.240
345;BJ1895675;SR-33805;CBK290337;0.300;225.889;0.009;-0.046
346;BJ1895675;SR-33805;CBK290337;0.833;236.222;0.064;-0.055
347;BJ1895675;SR-33805;CBK290337;3.333;278.963;0.819;0.877
348;BJ1895706;bardoxolone;CBK307954;0.100;238.519;0.046;0.104
349;BJ1895706;bardoxolone;CBK307954;0.300;217.926;0.022;-0.080
350;BJ1895706;bardoxolone;CBK307954;0.833;218.635;0.044;-0.192
351;BJ1895706;bardoxolone;CBK307954;3.333;222.370;-0.107;-0.408
352;BJ1895743;Y-26763;CBK290341;0.300;245.407;0.131;0.418
353;BJ1895743;Y-26763;CBK290341;3.333;248.333;0.324;0.796
354;BJ1895743;Y-26763;CBK290341;10.000;275.815;0.708;0.914
355;BJ1895743;Y-26763;CBK290341;30.000;270.333;0.766;0.875
356;BJ1895773;NTNCB;CBK290120;0.100;239.630;0.155;0.417
357;BJ1895773;NTNCB;CBK290120;0.300;231.556;-0.027;-0.391
358;BJ1895773;NTNCB;CBK290120;0.833;240.444;0.197;0.373
359;BJ1895773;NTNCB;CBK290120;3.333;270.259;0.668;0.776
360;BJ1895795;mibefradil;CBK290443;0.300;237.704;-0.030;-0.149
361;BJ1895795;mibefradil;CBK290443;3.333;286.333;0.782;0.910
362;BJ1895795;mibefradil;CBK290443;10.000;266.963;0.718;0.692
363;BJ1895795;mibefradil;CBK290443;30.000;39.056;-0.165;0.027
364;BJ1895796;CGP-71683;CBK290134;0.100;243.333;0.036;0.092
365;BJ1895796;CGP-71683;CBK290134;0.300;234.074;0.046;-0.076
366;BJ1895796;CGP-71683;CBK290134;0.833;233.222;0.126;0.275
367;BJ1895796;CGP-71683;CBK290134;3.333;276.051;0.630;0.618
368;BJ1895828;tilorone;CBK307966;0.100;239.009;0.151;0.363
369;BJ1895828;tilorone;CBK307966;0.300;252.296;0.197;0.535
370;BJ1895828;tilorone;CBK307966;0.833;246.481;0.289;0.592
371;BJ1895828;tilorone;CBK307966;3.333;254.931;0.516;0.476
372;BJ1895845;trequinsin;CBK290166;0.300;235.444;0.038;0.086
373;BJ1895845;trequinsin;CBK290166;3.333;240.444;0.136;0.377
374;BJ1895845;trequinsin;CBK290166;10.000;259.037;0.546;0.790
375;BJ1895845;trequinsin;CBK290166;30.000;254.458;0.769;0.722
376;BJ1895846;apafant;CBK290167;0.300;238.519;0.013;-0.073
377;BJ1895846;apafant;CBK290167;3.333;236.481;0.213;0.629
378;BJ1895846;apafant;CBK290167;10.000;234.704;-0.022;-0.354
379;BJ1895846;apafant;CBK290167;30.000;242.519;0.104;0.394
380;BJ1895862;SNAP-5089;CBK290176;0.100;243.667;0.075;0.228
381;BJ1895862;SNAP-5089;CBK290176;0.300;234.926;-0.022;-0.150
382;BJ1895862;SNAP-5089;CBK290176;0.833;253.926;0.250;0.598
383;BJ1895862;SNAP-5089;CBK290176;3.333;283.088;0.871;0.872
384;BJ1895869;BIBU-1361;CBK290458;0.300;242.407;0.064;-0.041
385;BJ1895869;BIBU-1361;CBK290458;3.333;267.444;0.847;0.892
386;BJ1895869;BIBU-1361;CBK290458;10.000;273.782;0.418;0.145
387;BJ1895869;BIBU-1361;CBK290458;30.000;164.000;-0.378;-0.366
388;BJ1895894;2-pyridylethylamine;CBK278483;0.300;236.593;-0.002;-0.130
389;BJ1895894;2-pyridylethylamine;CBK278483;3.333;234.444;-0.040;-0.130
390;BJ1895894;2-pyridylethylamine;CBK278483;10.000;235.384;-0.122;-0.556
391;BJ1895894;2-pyridylethylamine;CBK278483;30.000;237.296;0.076;0.271
392;BJ1895897;costunolide;CBK290200;0.300;242.037;0.069;0.309
393;BJ1895897;costunolide;CBK290200;3.333;227.481;-0.066;-0.323
394;BJ1895897;costunolide;CBK290200;10.000;228.593;-0.062;-0.370
395;BJ1895897;costunolide;CBK290200;30.000;162.667;0.287;0.018
396;BJ1895912;NSC-3852;CBK289756;0.300;229.074;-0.075;-0.225
397;BJ1895912;NSC-3852;CBK289756;3.333;186.963;-0.025;-0.156
398;BJ1895912;NSC-3852;CBK289756;10.000;151.315;0.436;0.377
399;BJ1895912;NSC-3852;CBK289756;30.000;99.603;0.769;0.507
400;BJ1895920;10-DEBC;CBK289825;0.100;246.259;0.017;-0.095
401;BJ1895920;10-DEBC;CBK289825;0.300;240.718;0.185;0.619
402;BJ1895920;10-DEBC;CBK289825;0.833;249.889;0.385;0.717
403;BJ1895920;10-DEBC;CBK289825;3.333;290.954;0.896;0.908
404;BJ1895954;pifithrin-mu;CBK289839;0.100;231.889;-0.007;-0.150
405;BJ1895954;pifithrin-mu;CBK289839;0.300;229.259;-0.070;-0.297
406;BJ1895954;pifithrin-mu;CBK289839;0.833;238.074;0.149;0.413
407;BJ1895954;pifithrin-mu;CBK289839;3.333;231.778;0.008;-0.106
408;BJ1895960;BMS-191011;CBK290246;0.300;236.926;0.183;0.574
409;BJ1895960;BMS-191011;CBK290246;3.333;236.093;0.054;-0.062
410;BJ1895960;BMS-191011;CBK290246;10.000;192.523;0.087;0.020
411;BJ1895960;BMS-191011;CBK290246;30.000;149.153;0.428;0.443
412;BJ1895962;Y-134;CBK290248;0.300;228.444;-0.036;-0.231
413;BJ1895962;Y-134;CBK290248;3.333;245.889;0.180;0.606
414;BJ1895962;Y-134;CBK290248;10.000;271.704;0.722;0.767
415;BJ1895962;Y-134;CBK290248;30.000;249.625;0.170;0.054
416;BJ1895963;JLK-6;CBK290249;0.300;242.556;0.057;0.090
417;BJ1895963;JLK-6;CBK290249;3.333;220.704;-0.017;-0.279
418;BJ1895963;JLK-6;CBK290249;10.000;245.778;0.105;0.450
419;BJ1895963;JLK-6;CBK290249;30.000;219.630;0.136;0.412
420;BJ1895968;PHA-665752;CBK290253;0.100;227.750;-0.003;-0.057
421;BJ1895968;PHA-665752;CBK290253;0.300;248.741;0.292;0.726
422;BJ1895968;PHA-665752;CBK290253;0.833;248.407;0.394;0.811
423;BJ1895968;PHA-665752;CBK290253;3.333;257.481;0.668;0.772
424;BJ1895969;PD-407824;CBK290254;0.100;250.185;0.223;0.555
425;BJ1895969;PD-407824;CBK290254;0.300;253.449;0.295;0.520
426;BJ1895969;PD-407824;CBK290254;0.833;230.667;0.260;0.455
427;BJ1895969;PD-407824;CBK290254;3.333;217.963;0.186;0.391
428;BJ1895980;NNC-05-2090;CBK290258;0.100;230.111;0.037;0.158
429;BJ1895980;NNC-05-2090;CBK290258;0.300;246.481;0.085;0.029
430;BJ1895980;NNC-05-2090;CBK290258;0.833;250.000;0.175;0.421
431;BJ1895980;NNC-05-2090;CBK290258;3.333;271.593;0.781;0.919
432;BJ1895983;gedunin;CBK290285;0.300;238.259;0.015;0.064
433;BJ1895983;gedunin;CBK290285;3.333;226.889;0.116;0.276
434;BJ1895983;gedunin;CBK290285;10.000;254.704;0.077;0.056
435;BJ1895983;gedunin;CBK290285;30.000;234.111;0.503;0.539
436;BJ1896003;revaprazan;CBK307988;0.300;245.630;0.147;0.204
437;BJ1896003;revaprazan;CBK307988;3.333;258.574;0.423;0.770
438;BJ1896003;revaprazan;CBK307988;10.000;270.074;0.747;0.820
439;BJ1896003;revaprazan;CBK307988;30.000;231.481;0.737;0.803
440;BJ1896043;CID-5458317;CBK308010;0.100;230.185;0.017;-0.061
441;BJ1896043;CID-5458317;CBK308010;0.300;236.852;0.140;0.332
442;BJ1896043;CID-5458317;CBK308010;0.833;234.667;-0.013;-0.118
443;BJ1896043;CID-5458317;CBK308010;3.333;169.704;0.170;0.071
444;BJ1896046;GANT-61;CBK278410;0.300;223.481;-0.000;-0.202
445;BJ1896046;GANT-61;CBK278410;3.333;255.037;0.467;0.723
446;BJ1896046;GANT-61;CBK278410;10.000;263.037;0.685;0.670
447;BJ1896046;GANT-61;CBK278410;30.000;238.000;0.416;0.097
448;BJ1896110;colforsin-daproate;CBK308041;0.100;235.111;0.167;0.506
449;BJ1896110;colforsin-daproate;CBK308041;0.300;245.111;0.044;0.053
450;BJ1896110;colforsin-daproate;CBK308041;0.833;242.148;0.015;-0.162
451;BJ1896110;colforsin-daproate;CBK308041;3.333;241.000;0.033;-0.066
452;BJ1896138;C-021;CBK308052;0.100;232.889;-0.005;-0.357
453;BJ1896138;C-021;CBK308052;0.300;263.296;0.420;0.770
454;BJ1896138;C-021;CBK308052;0.833;263.519;0.729;0.810
455;BJ1896138;C-021;CBK308052;3.333;260.519;0.361;0.138
456;BJ1896146;CYM-5442;CBK308054;0.300;238.074;0.087;0.279
457;BJ1896146;CYM-5442;CBK308054;3.333;266.704;0.625;0.819
458;BJ1896146;CYM-5442;CBK308054;10.000;254.861;0.945;0.734
459;BJ1896146;CYM-5442;CBK308054;30.000;243.056;0.706;0.546
460;BJ1896164;BAN-ORL-24;CBK290446;0.300;231.514;0.048;-0.161
461;BJ1896164;BAN-ORL-24;CBK290446;3.333;272.926;0.540;0.830
462;BJ1896164;BAN-ORL-24;CBK290446;10.000;270.894;0.763;0.853
463;BJ1896164;BAN-ORL-24;CBK290446;30.000;279.954;0.728;0.648
464;BJ1896186;asenapine;CBK201136J;0.300;238.704;0.128;0.336
465;BJ1896186;asenapine;CBK201136J;3.333;274.111;0.498;0.779
466;BJ1896186;asenapine;CBK201136J;10.000;251.611;0.713;0.719
467;BJ1896186;asenapine;CBK201136J;30.000;228.144;0.549;0.237
468;BJ1896192;MCOPPB;CBK308062;0.300;243.444;0.180;0.578
469;BJ1896192;MCOPPB;CBK308062;3.333;259.574;0.726;0.743
470;BJ1896192;MCOPPB;CBK308062;10.000;264.657;0.374;0.189
471;BJ1896192;MCOPPB;CBK308062;30.000;258.333;-0.064;-0.080
472;BJ1896210;BCTC;CBK308069;0.300;219.269;-0.078;-0.365
473;BJ1896210;BCTC;CBK308069;3.333;244.667;0.162;0.592
474;BJ1896210;BCTC;CBK308069;10.000;247.889;0.257;0.644
475;BJ1896210;BCTC;CBK308069;30.000;268.037;0.444;0.754
476;BJ1896220;AMG-548;CBK308078;0.300;228.694;0.053;-0.327
477;BJ1896220;AMG-548;CBK308078;3.333;260.847;0.277;0.158
478;BJ1896220;AMG-548;CBK308078;10.000;285.005;0.757;0.881
479;BJ1896220;AMG-548;CBK308078;30.000;245.148;0.507;0.535
480;BJ1896240;L-760735;CBK308092;0.300;239.889;0.144;0.533
481;BJ1896240;L-760735;CBK308092;3.333;247.481;0.396;0.682
482;BJ1896240;L-760735;CBK308092;10.000;256.889;0.816;0.770
483;BJ1896240;L-760735;CBK308092;30.000;222.838;0.496;0.078
484;BJ1896247;BINA;CBK308098;0.300;230.704;0.203;0.652
485;BJ1896247;BINA;CBK308098;3.333;230.963;0.088;0.216
486;BJ1896247;BINA;CBK308098;10.000;239.593;0.086;0.253
487;BJ1896247;BINA;CBK308098;30.000;250.111;0.081;0.396
488;BJ1896251;P7C3;CBK201148;0.300;246.333;0.124;0.475
489;BJ1896251;P7C3;CBK201148;3.333;252.000;0.162;0.575
490;BJ1896251;P7C3;CBK201148;10.000;236.370;0.608;0.811
491;BJ1896251;P7C3;CBK201148;30.000;201.073;0.527;0.368
492;BJ1896256;SB-772077B;CBK308106;0.100;245.074;0.080;0.291
493;BJ1896256;SB-772077B;CBK308106;0.300;256.481;0.122;0.226
494;BJ1896256;SB-772077B;CBK308106;0.833;223.847;0.048;-0.181
495;BJ1896256;SB-772077B;CBK308106;3.333;198.683;-0.009;-0.228
496;BJ1896266;VU0364739;CBK308115;0.300;225.032;-0.046;-0.366
497;BJ1896266;VU0364739;CBK308115;3.333;261.370;0.629;0.774
498;BJ1896266;VU0364739;CBK308115;10.000;210.259;0.468;0.298
499;BJ1896266;VU0364739;CBK308115;30.000;38.333;0.075;0.057
500;BJ1896278;dynole-34-2;CBK308127;0.300;230.444;0.007;-0.118
501;BJ1896282;GW-803430;CBK089844;0.300;245.148;0.149;0.424
502;BJ1896282;GW-803430;CBK089844;3.333;270.481;0.382;0.830
503;BJ1896282;GW-803430;CBK089844;10.000;276.704;0.819;0.912
504;BJ1896282;GW-803430;CBK089844;30.000;273.037;0.716;0.628
505;BJ1896309;SB-268262;CBK308147;0.100;237.926;-0.020;-0.087
506;BJ1896309;SB-268262;CBK308147;0.300;244.000;-0.006;0.142
507;BJ1896309;SB-268262;CBK308147;0.833;235.519;0.078;0.340
508;BJ1896309;SB-268262;CBK308147;3.333;180.926;0.203;0.219
509;BJ1896314;PhiKan-083;CBK308152;0.300;242.333;0.122;0.339
510;BJ1896314;PhiKan-083;CBK308152;3.333;249.704;0.296;0.632
511;BJ1896314;PhiKan-083;CBK308152;10.000;271.352;0.649;0.847
512;BJ1896314;PhiKan-083;CBK308152;30.000;277.181;0.879;0.758
513;BJ1896319;JHW-007;CBK308156;0.100;239.407;0.050;-0.001
514;BJ1896319;JHW-007;CBK308156;0.300;248.259;0.199;0.582
515;BJ1896319;JHW-007;CBK308156;0.833;262.074;0.563;0.889
516;BJ1896319;JHW-007;CBK308156;3.333;265.208;0.946;0.911
517;BJ1896336;wiskostatin;CBK278137;0.100;240.963;0.033;0.052
518;BJ1896336;wiskostatin;CBK278137;0.300;236.630;0.033;0.088
519;BJ1896336;wiskostatin;CBK278137;0.833;244.481;0.184;0.339
520;BJ1896336;wiskostatin;CBK278137;3.333;273.185;0.686;0.805
521;BJ1896355;alantolactone;CBK308186;0.300;235.963;0.059;0.171
522;BJ1896355;alantolactone;CBK308186;3.333;230.292;0.040;-0.287
523;BJ1896355;alantolactone;CBK308186;10.000;226.926;0.090;-0.208
524;BJ1896355;alantolactone;CBK308186;30.000;34.700;0.350;0.085
525;BJ1896374;GNF-5837;CBK308201;0.300;236.407;-0.037;-0.270
526;BJ1896374;GNF-5837;CBK308201;3.333;248.926;0.195;0.526
527;BJ1896374;GNF-5837;CBK308201;10.000;263.435;0.824;0.814
528;BJ1896374;GNF-5837;CBK308201;30.000;221.952;0.510;0.677
529;BJ1896382;IT1t;CBK308207;0.300;242.148;0.277;0.708
530;BJ1896382;IT1t;CBK308207;3.333;265.444;0.662;0.868
531;BJ1896382;IT1t;CBK308207;10.000;276.407;0.846;0.695
532;BJ1896382;IT1t;CBK308207;30.000;280.504;0.678;0.279
533;BJ1896405;CCT-031374;CBK308226;0.300;237.778;-0.012;-0.142
534;BJ1896405;CCT-031374;CBK308226;3.333;266.815;0.412;0.747
535;BJ1896405;CCT-031374;CBK308226;10.000;281.190;0.797;0.769
536;BJ1896405;CCT-031374;CBK308226;30.000;250.319;0.062;-0.178
537;BJ1896407;CYM-50358;CBK308228;0.300;235.296;0.011;0.034
538;BJ1896407;CYM-50358;CBK308228;3.333;270.963;0.776;0.905
539;BJ1896407;CYM-50358;CBK308228;10.000;265.185;0.741;0.610
540;BJ1896407;CYM-50358;CBK308228;30.000;18.750;-0.280;0.033
541;BJ1896419;PPY-A;CBK308239;0.300;260.593;0.380;0.563
542;BJ1896419;PPY-A;CBK308239;3.333;247.389;0.440;0.501
543;BJ1896419;PPY-A;CBK308239;10.000;240.611;0.431;0.480
544;BJ1896419;PPY-A;CBK308239;30.000;154.699;0.487;0.429
545;BJ1896434;BETP;CBK308252;0.300;240.074;-0.034;-0.365
546;BJ1896434;BETP;CBK308252;3.333;253.815;0.296;0.636
547;BJ1896434;BETP;CBK308252;10.000;238.407;0.303;0.419
548;BJ1896434;BETP;CBK308252;30.000;165.348;0.229;0.140
549;BJ1896452;NS-3861;CBK308267;0.300;236.481;0.045;-0.028
550;BJ1896452;NS-3861;CBK308267;3.333;255.259;0.250;0.654
551;BJ1896452;NS-3861;CBK308267;10.000;242.148;0.301;0.473
552;BJ1896452;NS-3861;CBK308267;30.000;262.741;0.665;0.886
553;BJ1896470;RU-SKI-43;CBK308281;0.300;233.593;-0.029;-0.099
554;BJ1896470;RU-SKI-43;CBK308281;3.333;268.296;0.519;0.778
555;BJ1896470;RU-SKI-43;CBK308281;10.000;277.958;0.825;0.841
556;BJ1896470;RU-SKI-43;CBK308281;30.000;218.407;0.477;0.116
557;BJ1896473;ML298;CBK308283;0.300;241.519;-0.036;-0.124
558;BJ1896473;ML298;CBK308283;3.333;239.333;0.230;0.608
559;BJ1896473;ML298;CBK308283;10.000;266.370;0.652;0.817
560;BJ1896473;ML298;CBK308283;30.000;222.593;0.338;0.083
561;BJ1896477;JW-642;CBK308287;0.300;240.519;0.053;-0.134
562;BJ1896477;JW-642;CBK308287;3.333;256.481;0.242;0.396
563;BJ1896477;JW-642;CBK308287;10.000;247.630;0.061;-0.171
564;BJ1896477;JW-642;CBK308287;30.000;245.074;0.191;0.395
565;BJ1896483;AS-1892802;CBK308292;0.100;246.481;0.150;0.427
566;BJ1896483;AS-1892802;CBK308292;0.300;260.296;0.108;0.365
567;BJ1896483;AS-1892802;CBK308292;0.833;253.852;0.247;0.272
568;BJ1896483;AS-1892802;CBK308292;3.333;227.741;-0.080;-0.260
569;BJ1896497;pyrintegrin;CBK308305;0.100;247.238;0.065;0.287
570;BJ1896497;pyrintegrin;CBK308305;0.300;249.995;0.149;0.427
571;BJ1896497;pyrintegrin;CBK308305;0.833;250.407;0.449;0.582
572;BJ1896497;pyrintegrin;CBK308305;3.333;217.333;0.360;0.425
573;BJ1896498;K02288;CBK308306;0.300;232.963;0.002;0.019
574;BJ1896498;K02288;CBK308306;3.333;231.296;0.237;0.546
575;BJ1896498;K02288;CBK308306;10.000;235.963;0.187;0.433
576;BJ1896498;K02288;CBK308306;30.000;200.852;0.054;0.252
577;BJ1896524;DDR1-IN-1;CBK308327;0.100;238.481;0.032;-0.265
578;BJ1896524;DDR1-IN-1;CBK308327;0.300;242.625;0.068;-0.253
579;BJ1896524;DDR1-IN-1;CBK308327;0.833;262.505;0.336;0.198
580;BJ1896524;DDR1-IN-1;CBK308327;3.333;284.472;0.784;0.787
581;BJ1896530;A12B4C3;CBK308333;0.300;245.333;0.135;0.496
582;BJ1896530;A12B4C3;CBK308333;3.333;240.926;0.208;0.608
583;BJ1896530;A12B4C3;CBK308333;10.000;256.259;0.487;0.813
584;BJ1896530;A12B4C3;CBK308333;30.000;230.634;0.577;0.629
585;BJ1896534;GSK2606414;CBK308337;0.100;227.000;0.056;-0.004
586;BJ1896534;GSK2606414;CBK308337;0.300;238.667;0.182;0.169
587;BJ1896534;GSK2606414;CBK308337;0.833;242.889;0.126;0.137
588;BJ1896534;GSK2606414;CBK308337;3.333;255.370;0.304;0.520
589;BJ1896548;FLI-06;CBK308346;0.100;233.593;-0.005;-0.101
590;BJ1896548;FLI-06;CBK308346;0.300;242.778;0.009;-0.196
591;BJ1896548;FLI-06;CBK308346;0.833;234.741;0.035;0.013
592;BJ1896548;FLI-06;CBK308346;3.333;233.569;0.659;0.384
593;BJ1896565;AZ191;CBK303892;0.100;248.815;0.090;0.198
594;BJ1896565;AZ191;CBK303892;0.300;238.074;0.067;0.263
595;BJ1896565;AZ191;CBK303892;0.833;269.370;0.247;0.511
596;BJ1896565;AZ191;CBK303892;3.333;281.556;0.738;0.742
597;BJ1896570;NVP-ADW742;CBK288266;0.100;243.778;0.112;0.216
598;BJ1896570;NVP-ADW742;CBK288266;0.300;221.185;0.139;0.261
599;BJ1896570;NVP-ADW742;CBK288266;0.833;201.815;0.458;0.475
600;BJ1896570;NVP-ADW742;CBK288266;3.333;227.617;0.748;0.742
601;BJ1896578;KG-5;CBK308369;0.100;241.852;0.119;0.390
602;BJ1896578;KG-5;CBK308369;0.300;226.926;-0.012;-0.174
603;BJ1896578;KG-5;CBK308369;0.833;215.000;-0.058;-0.223
604;BJ1896578;KG-5;CBK308369;3.333;146.415;0.012;-0.213
605;BJ1896623;SPP86;CBK308406;0.300;240.074;0.156;0.519
606;BJ1896623;SPP86;CBK308406;3.333;237.926;0.209;0.609
607;BJ1896623;SPP86;CBK308406;10.000;239.333;0.429;0.646
608;BJ1896623;SPP86;CBK308406;30.000;196.914;0.297;0.290
609;BJ1896626;TAK-960;CBK308409;0.100;161.227;-0.020;-0.111
610;BJ1896626;TAK-960;CBK308409;0.300;154.954;0.006;-0.024
611;BJ1896626;TAK-960;CBK308409;0.833;141.810;0.192;0.118
612;BJ1896626;TAK-960;CBK308409;3.333;143.765;0.655;0.505
613;BJ1896641;BMS-566419;CBK308421;0.300;239.889;0.149;0.494
614;BJ1896641;BMS-566419;CBK308421;3.333;216.995;0.809;0.669
615;BJ1896641;BMS-566419;CBK308421;10.000;219.659;0.858;0.610
616;BJ1896641;BMS-566419;CBK308421;30.000;166.550;0.669;0.391
617;BJ1896644;AMG-PERK-44;CBK308424;0.300;225.556;-0.094;-0.258
618;BJ1896644;AMG-PERK-44;CBK308424;3.333;233.889;0.156;0.013
619;BJ1896644;AMG-PERK-44;CBK308424;10.000;240.370;0.112;-0.000
620;BJ1896644;AMG-PERK-44;CBK308424;30.000;239.630;0.453;0.687
621;BJ1896659;BS-181;CBK288279;0.300;237.667;0.059;0.169
622;BJ1896659;BS-181;CBK288279;3.333;267.037;0.814;0.932
623;BJ1896659;BS-181;CBK288279;10.000;228.718;1.014;0.836
624;BJ1896659;BS-181;CBK288279;30.000;86.435;0.437;0.096
625;BJ1896661;HTH-01-015;CBK308435;0.100;228.556;-0.072;-0.454
626;BJ1896661;HTH-01-015;CBK308435;0.300;237.593;0.097;0.329
627;BJ1896661;HTH-01-015;CBK308435;0.833;238.370;0.061;0.021
628;BJ1896661;HTH-01-015;CBK308435;3.333;241.111;0.621;0.732
629;BJ1896670;sulforaphane;CBK308440;0.300;243.333;0.115;0.339
630;BJ1896670;sulforaphane;CBK308440;3.333;232.463;0.045;-0.163
631;BJ1896670;sulforaphane;CBK308440;10.000;200.333;0.270;0.370
632;BJ1896670;sulforaphane;CBK308440;30.000;255.875;0.802;0.841
633;BJ1896713;axitinib;CBK277985;0.300;249.148;0.165;0.514
634;BJ1896713;axitinib;CBK277985;3.333;192.704;0.259;0.380
635;BJ1896713;axitinib;CBK277985;10.000;197.366;0.287;0.422
636;BJ1896713;axitinib;CBK277985;30.000;188.852;0.480;0.486
637;BJ1896717;ASC-J9;CBK308473;0.300;235.333;0.040;0.001
638;BJ1896717;ASC-J9;CBK308473;3.333;239.037;0.014;-0.129
639;BJ1896717;ASC-J9;CBK308473;10.000;232.407;0.245;0.531
640;BJ1896717;ASC-J9;CBK308473;30.000;166.208;0.682;0.434
641;BJ1896776;flupentixol;CBK293301;0.300;249.185;0.084;0.362
642;BJ1896776;flupentixol;CBK293301;3.333;265.505;0.433;0.827
643;BJ1896776;flupentixol;CBK293301;10.000;280.063;0.890;0.869
644;BJ1896776;flupentixol;CBK293301;30.000;213.875;0.529;0.195
645;BJ1896786;homochlorcyclizine;CBK201103;0.300;241.667;0.024;-0.022
646;BJ1896786;homochlorcyclizine;CBK201103;3.333;272.222;0.617;0.812
647;BJ1896786;homochlorcyclizine;CBK201103;10.000;262.495;0.916;0.764
648;BJ1896786;homochlorcyclizine;CBK201103;30.000;219.148;0.724;0.348
649;BJ1896839;IKK-16;CBK290215;0.100;239.741;0.014;-0.231
650;BJ1896839;IKK-16;CBK290215;0.300;223.333;-0.024;-0.374
651;BJ1896839;IKK-16;CBK290215;0.833;257.926;0.497;0.662
652;BJ1896839;IKK-16;CBK290215;3.333;243.929;0.698;0.278
653;BJ1896858;moxaverine;CBK308541;0.300;230.222;-0.020;-0.299
654;BJ1896858;moxaverine;CBK308541;3.333;240.259;0.132;0.446
655;BJ1896858;moxaverine;CBK308541;10.000;248.111;0.376;0.651
656;BJ1896858;moxaverine;CBK308541;30.000;252.185;0.588;0.729
657;BJ1896894;nelfinavir;CBK308568;0.300;245.481;0.106;0.399
658;BJ1896894;nelfinavir;CBK308568;3.333;225.704;0.091;0.308
659;BJ1896894;nelfinavir;CBK308568;10.000;264.741;0.590;0.791
660;BJ1896894;nelfinavir;CBK308568;30.000;225.444;0.474;0.359
661;BJ1896916;lofemizole;CBK308582;0.300;230.741;0.042;0.100
662;BJ1896916;lofemizole;CBK308582;3.333;241.593;0.025;0.108
663;BJ1896916;lofemizole;CBK308582;10.000;234.556;-0.020;-0.274
664;BJ1896916;lofemizole;CBK308582;30.000;220.653;-0.007;-0.236
665;BJ1896977;afimoxifene;CBK278078;0.300;231.991;0.024;-0.073
666;BJ1896977;afimoxifene;CBK278078;3.333;280.157;0.629;0.865
667;BJ1896977;afimoxifene;CBK278078;10.000;266.667;0.883;0.764
668;BJ1896977;afimoxifene;CBK278078;30.000;212.898;-0.016;-0.267
669;BJ1896990;NT157;CBK308634;0.100;246.370;0.043;0.048
670;BJ1896990;NT157;CBK308634;0.300;248.704;0.033;0.051
671;BJ1896990;NT157;CBK308634;0.833;246.185;-0.047;-0.428
672;BJ1896990;NT157;CBK308634;3.333;219.644;-0.058;-0.110
673;BJ1896994;TA-01;CBK308638;0.300;223.287;0.036;-0.305
674;BJ1896994;TA-01;CBK308638;3.333;268.852;0.146;-0.068
675;BJ1896994;TA-01;CBK308638;10.000;273.120;0.355;0.427
676;BJ1896994;TA-01;CBK308638;30.000;256.333;0.106;0.024
677;BJ1897024;bortezomib;CBK277912;0.300;143.392;0.229;0.289
678;BJ1897024;bortezomib;CBK277912;3.333;83.468;0.354;0.309
679;BJ1897024;bortezomib;CBK277912;10.000;77.431;0.309;0.277
680;BJ1897024;bortezomib;CBK277912;30.000;69.685;0.228;0.228
681;BJ1897029;sunitinib;CBK149343;0.100;250.704;0.107;0.465
682;BJ1897029;sunitinib;CBK149343;0.300;233.889;0.158;0.539
683;BJ1897029;sunitinib;CBK149343;0.833;258.481;0.423;0.622
684;BJ1897029;sunitinib;CBK149343;3.333;214.177;0.486;0.532
685;BJ1897034;toceranib;CBK308664;0.100;252.370;0.130;0.342
686;BJ1897034;toceranib;CBK308664;0.300;242.370;-0.034;-0.003
687;BJ1897034;toceranib;CBK308664;0.833;238.731;0.133;0.507
688;BJ1897034;toceranib;CBK308664;3.333;257.704;0.378;0.624
689;BJ1897042;MLN9708;CBK308671;0.100;213.060;0.281;0.423
690;BJ1897042;MLN9708;CBK308671;0.300;192.926;0.233;0.320
691;BJ1897042;MLN9708;CBK308671;0.833;164.395;0.233;0.301
692;BJ1897042;MLN9708;CBK308671;3.333;144.899;0.252;0.308
693;BJ1897081;PD-153035;CBK013251;0.300;207.741;-0.035;-0.384
694;BJ1897081;PD-153035;CBK013251;3.333;244.588;0.203;0.547
695;BJ1897081;PD-153035;CBK013251;10.000;217.222;0.549;0.722
696;BJ1897081;PD-153035;CBK013251;30.000;88.413;-0.040;-0.076
697;BJ1897102;ozanimod;CBK308710;0.100;243.667;0.081;0.175
698;BJ1897102;ozanimod;CBK308710;0.300;235.037;0.074;-0.024
699;BJ1897102;ozanimod;CBK308710;0.833;235.741;0.208;0.436
700;BJ1897102;ozanimod;CBK308710;3.333;267.556;0.695;0.848
701;BJ1897104;DU-728;CBK308712;0.300;230.852;0.104;0.184
702;BJ1897104;DU-728;CBK308712;3.333;233.556;0.012;-0.202
703;BJ1897104;DU-728;CBK308712;10.000;230.370;0.015;-0.074
704;BJ1897104;DU-728;CBK308712;30.000;239.000;0.061;0.118
705;BJ1897109;GK921;CBK308716;0.100;239.778;0.044;0.049
706;BJ1897109;GK921;CBK308716;0.300;238.741;0.001;-0.136
707;BJ1897109;GK921;CBK308716;0.833;226.296;0.017;0.014
708;BJ1897109;GK921;CBK308716;3.333;208.593;0.437;0.517
709;BJ1897125;SAR405;CBK308730;0.100;244.481;0.125;0.071
710;BJ1897125;SAR405;CBK308730;0.300;239.788;0.155;0.052
711;BJ1897125;SAR405;CBK308730;0.833;263.838;0.437;0.537
712;BJ1897125;SAR405;CBK308730;3.333;245.869;0.558;0.450
713;BJ1897127;LDC1267;CBK308732;0.300;239.556;0.151;0.531
714;BJ1897127;LDC1267;CBK308732;3.333;232.889;0.120;0.409
715;BJ1897127;LDC1267;CBK308732;10.000;213.074;0.165;0.299
716;BJ1897127;LDC1267;CBK308732;30.000;201.333;0.182;0.115
717;BJ1897128;ISRIB;CBK308733;0.300;228.778;0.026;-0.046
718;BJ1897128;ISRIB;CBK308733;3.333;237.593;0.051;-0.024
719;BJ1897128;ISRIB;CBK308733;10.000;232.852;0.022;-0.068
720;BJ1897128;ISRIB;CBK308733;30.000;234.815;-0.050;-0.362
721;BJ1897134;URMC-099;CBK308738;0.100;252.630;0.098;0.417
722;BJ1897134;URMC-099;CBK308738;0.300;237.889;0.182;0.522
723;BJ1897134;URMC-099;CBK308738;0.833;249.111;0.554;0.639
724;BJ1897134;URMC-099;CBK308738;3.333;245.889;0.686;0.681
725;BJ1897153;BLU9931;CBK308752;0.300;247.593;0.074;0.259
726;BJ1897153;BLU9931;CBK308752;3.333;230.519;0.165;0.446
727;BJ1897153;BLU9931;CBK308752;10.000;180.426;0.262;0.264
728;BJ1897153;BLU9931;CBK308752;30.000;162.954;0.403;0.461
729;BJ1897158;MK2-IN-1;CBK308757;0.100;235.250;0.061;0.260
730;BJ1897158;MK2-IN-1;CBK308757;0.300;238.926;0.119;0.415
731;BJ1897158;MK2-IN-1;CBK308757;0.833;251.037;0.301;0.398
732;BJ1897158;MK2-IN-1;CBK308757;3.333;270.037;0.744;0.752
733;BJ1897192;biperiden;CBK200725;0.300;233.815;0.035;-0.078
734;BJ1897192;biperiden;CBK200725;3.333;249.444;0.267;0.723
735;BJ1897192;biperiden;CBK200725;10.000;263.296;0.566;0.917
736;BJ1897192;biperiden;CBK200725;30.000;262.704;0.678;0.849
737;BJ1897228;meisoindigo;CBK308810;0.100;238.296;-0.066;-0.443
738;BJ1897228;meisoindigo;CBK308810;0.300;236.259;-0.009;-0.412
739;BJ1897228;meisoindigo;CBK308810;0.833;232.074;-0.062;-0.406
740;BJ1897228;meisoindigo;CBK308810;3.333;238.407;0.030;-0.243
741;BJ1897249;UNC0646;CBK308823;0.300;243.407;0.128;0.455
742;BJ1897249;UNC0646;CBK308823;3.333;252.111;0.475;0.868
743;BJ1897249;UNC0646;CBK308823;10.000;258.604;0.948;0.887
744;BJ1897249;UNC0646;CBK308823;30.000;68.630;-0.219;0.001
745;BJ1897253;flumatinib;CBK308825;0.300;243.556;0.102;0.387
746;BJ1897253;flumatinib;CBK308825;3.333;266.037;0.509;0.792
747;BJ1897253;flumatinib;CBK308825;10.000;275.606;0.601;0.786
748;BJ1897253;flumatinib;CBK308825;30.000;257.099;0.045;-0.032
749;BJ1897260;UNC0642;CBK301269;0.300;220.593;0.137;0.023
750;BJ1897260;UNC0642;CBK301269;3.333;275.207;0.768;0.743
751;BJ1897260;UNC0642;CBK301269;10.000;265.912;0.186;-0.007
752;BJ1897260;UNC0642;CBK301269;30.000;201.815;-0.171;-0.302
753;BJ1897268;siramesine;CBK308837;0.100;257.481;0.215;0.539
754;BJ1897268;siramesine;CBK308837;0.300;264.000;0.599;0.903
755;BJ1897268;siramesine;CBK308837;0.833;268.616;0.508;0.880
756;BJ1897268;siramesine;CBK308837;3.333;255.630;0.790;0.879
757;BJ1897292;pimavanserin;CBK308859;0.300;238.356;0.011;-0.182
758;BJ1897296;STA-5326;CBK308862;0.300;253.444;0.093;-0.122
759;BJ1897296;STA-5326;CBK308862;3.333;244.000;-0.067;-0.230
760;BJ1897296;STA-5326;CBK308862;10.000;254.361;0.100;-0.100
761;BJ1897296;STA-5326;CBK308862;30.000;251.452;0.329;0.035
762;BJ1897297;lomitapide;CBK308863;0.100;226.873;0.018;-0.270
763;BJ1897297;lomitapide;CBK308863;0.300;244.000;0.107;0.155
764;BJ1897297;lomitapide;CBK308863;0.833;257.444;0.410;0.794
765;BJ1897297;lomitapide;CBK308863;3.333;276.613;0.961;0.849
766;BJ1897349;BAY-61-3606;CBK291026;0.100;233.463;0.077;0.385
767;BJ1897349;BAY-61-3606;CBK291026;0.300;233.074;0.086;0.256
768;BJ1897349;BAY-61-3606;CBK291026;0.833;227.519;0.057;0.002
769;BJ1897349;BAY-61-3606;CBK291026;3.333;154.259;0.587;0.384
770;BJ1897355;ELN-441958;CBK308916;0.300;233.481;0.121;0.374
771;BJ1897355;ELN-441958;CBK308916;3.333;274.481;0.423;0.661
772;BJ1897355;ELN-441958;CBK308916;10.000;282.727;0.752;0.765
773;BJ1897355;ELN-441958;CBK308916;30.000;249.412;0.205;0.042
774;BJ1897356;balicatib;CBK308917;0.300;250.000;0.243;0.521
775;BJ1897356;balicatib;CBK308917;3.333;272.222;0.628;0.890
776;BJ1897356;balicatib;CBK308917;10.000;278.079;0.689;0.870
777;BJ1897356;balicatib;CBK308917;30.000;267.693;0.806;0.870
778;BJ1897378;UNC0638;CBK278110;0.300;241.037;0.159;0.379
779;BJ1897378;UNC0638;CBK278110;3.333;267.421;0.761;0.766
780;BJ1897378;UNC0638;CBK278110;10.000;263.657;0.101;0.020
781;BJ1897378;UNC0638;CBK278110;30.000;192.111;-0.246;-0.207
782;BJ1897387;copanlisib;CBK290900;0.100;234.667;0.087;0.357
783;BJ1897387;copanlisib;CBK290900;0.300;230.620;0.085;0.148
784;BJ1897387;copanlisib;CBK290900;0.833;228.963;0.177;0.533
785;BJ1897387;copanlisib;CBK290900;3.333;193.630;0.246;0.415
786;BJ1897431;ceritinib;CBK293859;0.100;240.000;0.028;-0.011
787;BJ1897431;ceritinib;CBK293859;0.300;233.852;0.078;-0.004
788;BJ1897431;ceritinib;CBK293859;0.833;232.704;0.407;0.732
789;BJ1897431;ceritinib;CBK293859;3.333;221.759;0.659;0.736
790;BJ1897477;APY0201;CBK309007;0.300;270.106;0.354;0.073
791;BJ1897477;APY0201;CBK309007;3.333;242.074;0.038;-0.159
792;BJ1897477;APY0201;CBK309007;10.000;202.917;0.067;-0.124
793;BJ1897477;APY0201;CBK309007;30.000;215.389;0.058;-0.142
794;BJ1897485;arglabin;CBK309014;0.300;224.852;0.015;0.011
795;BJ1897485;arglabin;CBK309014;3.333;230.519;0.039;-0.040
796;BJ1897485;arglabin;CBK309014;10.000;184.227;-0.004;-0.295
797;BJ1897485;arglabin;CBK309014;30.000;90.149;0.461;0.140
798;BJ1897498;LY2090314;CBK309026;0.300;203.115;-0.116;-0.337
799;BJ1897498;LY2090314;CBK309026;3.333;198.222;0.026;-0.306
800;BJ1897498;LY2090314;CBK309026;10.000;179.444;0.132;-0.231
801;BJ1897498;LY2090314;CBK309026;30.000;120.484;0.579;0.240
802;BJ1897506;NKP-1339;CBK278556G;0.300;226.815;0.135;0.513
803;BJ1897506;NKP-1339;CBK278556G;3.333;238.741;0.010;0.095
804;BJ1897506;NKP-1339;CBK278556G;10.000;232.185;0.056;0.217
805;BJ1897506;NKP-1339;CBK278556G;30.000;242.111;0.084;0.224
806;BJ1897531;VU0240551;CBK309051;0.300;226.741;-0.050;-0.019
807;BJ1897531;VU0240551;CBK309051;3.333;224.556;0.142;0.442
808;BJ1897531;VU0240551;CBK309051;10.000;245.222;0.111;0.425
809;BJ1897531;VU0240551;CBK309051;30.000;229.741;0.177;0.325
810;BJ1897538;pexidartinib;CBK303931;0.300;219.333;-0.019;-0.352
811;BJ1897538;pexidartinib;CBK303931;3.333;236.556;0.017;0.104
812;BJ1897538;pexidartinib;CBK303931;10.000;236.389;0.075;0.405
813;BJ1897538;pexidartinib;CBK303931;30.000;215.412;0.320;0.606
814;BJ1897577;salmeterol;CBK200845;0.300;233.333;0.001;-0.027
815;BJ1897577;salmeterol;CBK200845;3.333;246.519;0.130;0.169
816;BJ1897577;salmeterol;CBK200845;10.000;276.817;0.876;0.900
817;BJ1897577;salmeterol;CBK200845;30.000;229.185;0.678;0.491
818;BJ1897596;satraplatin;CBK309765G;0.100;244.556;0.041;0.200
819;BJ1897596;satraplatin;CBK309765G;0.300;220.185;-0.058;-0.273
820;BJ1897596;satraplatin;CBK309765G;0.833;229.120;0.102;0.414
821;BJ1897596;satraplatin;CBK309765G;3.333;216.389;0.069;0.026
822;BJ1897624;Ro-48-8071;CBK309116;0.300;238.736;0.040;-0.098
823;BJ1897624;Ro-48-8071;CBK309116;3.333;263.296;0.511;0.814
824;BJ1897624;Ro-48-8071;CBK309116;10.000;266.762;0.758;0.696
825;BJ1897624;Ro-48-8071;CBK309116;30.000;165.153;0.237;-0.039
826;BJ1897631;K-Ras(G12C)-inhibitor-12;CBK309120;0.300;254.630;0.238;0.454
827;BJ1897631;K-Ras(G12C)-inhibitor-12;CBK309120;3.333;222.444;0.104;0.011
828;BJ1897631;K-Ras(G12C)-inhibitor-12;CBK309120;10.000;221.838;0.149;-0.089
829;BJ1897631;K-Ras(G12C)-inhibitor-12;CBK309120;30.000;200.968;0.118;-0.147
830;BJ1897652;ARQ-092;CBK309137;0.300;224.296;-0.064;-0.086
831;BJ1897652;ARQ-092;CBK309137;3.333;222.407;0.652;0.784
832;BJ1897652;ARQ-092;CBK309137;10.000;209.619;0.723;0.350
833;BJ1897652;ARQ-092;CBK309137;30.000;116.236;-0.188;-0.236
834;BJ1897660;3PO;CBK174811;0.300;242.370;0.189;0.615
835;BJ1897660;3PO;CBK174811;3.333;226.778;-0.062;-0.187
836;BJ1897660;3PO;CBK174811;10.000;226.037;0.114;0.463
837;BJ1897660;3PO;CBK174811;30.000;231.000;0.284;0.657
838;BJ1897675;cot-inhibitor-2;CBK309157;0.300;242.370;0.059;0.259
839;BJ1897675;cot-inhibitor-2;CBK309157;3.333;260.444;0.650;0.891
840;BJ1897675;cot-inhibitor-2;CBK309157;10.000;142.866;0.499;0.350
841;BJ1897675;cot-inhibitor-2;CBK309157;30.000;7.000;-0.424;0.027
842;BJ1897693;BCX-1470;CBK309172;0.300;243.630;0.023;0.077
843;BJ1897693;BCX-1470;CBK309172;3.333;234.593;0.005;-0.222
844;BJ1897693;BCX-1470;CBK309172;10.000;223.148;0.503;0.685
845;BJ1897693;BCX-1470;CBK309172;30.000;127.000;0.435;0.336
846;BJ1897713;lasofoxifene;CBK278033;0.100;245.699;0.114;0.089
847;BJ1897713;lasofoxifene;CBK278033;0.300;240.444;0.054;0.046
848;BJ1897713;lasofoxifene;CBK278033;0.833;249.630;0.306;0.665
849;BJ1897713;lasofoxifene;CBK278033;3.333;274.222;0.698;0.743
850;BJ1897775;auranofin;CBK309223;0.100;232.111;0.072;0.035
851;BJ1897775;auranofin;CBK309223;0.300;240.111;0.074;0.140
852;BJ1897775;auranofin;CBK309223;0.833;234.741;0.179;0.499
853;BJ1897775;auranofin;CBK309223;3.333;216.296;0.300;0.479
854;BJ1897822;bruceantin;CBK309258;0.100;150.523;0.293;0.302
855;BJ1897822;bruceantin;CBK309258;0.300;150.074;0.284;0.236
856;BJ1897822;bruceantin;CBK309258;0.833;129.704;0.274;0.210
857;BJ1897822;bruceantin;CBK309258;3.333;98.778;0.378;0.282
858;BJ1897886;GTS21;CBK024395;0.300;228.556;-0.029;-0.304
859;BJ1897886;GTS21;CBK024395;3.333;232.630;0.004;-0.093
860;BJ1897886;GTS21;CBK024395;10.000;255.074;0.118;0.357
861;BJ1897886;GTS21;CBK024395;30.000;274.619;0.697;0.853
862;BJ1897887;fendiline;CBK041518;0.300;230.296;-0.050;-0.260
863;BJ1897887;fendiline;CBK041518;3.333;258.370;0.672;0.855
864;BJ1897887;fendiline;CBK041518;10.000;276.995;1.040;0.765
865;BJ1897887;fendiline;CBK041518;30.000;112.470;0.251;-0.091
866;BJ1897892;cyclovalone;CBK015859;0.300;236.815;0.071;0.101
867;BJ1897892;cyclovalone;CBK015859;3.333;229.037;0.030;0.053
868;BJ1897892;cyclovalone;CBK015859;10.000;191.741;0.021;0.074
869;BJ1897892;cyclovalone;CBK015859;30.000;89.694;0.722;0.218
870;BJ1897914;gallium-triquinolin-8-olate;CBK309330;0.300;243.889;0.099;0.411
871;BJ1897914;gallium-triquinolin-8-olate;CBK309330;3.333;176.472;0.605;0.672
872;BJ1897914;gallium-triquinolin-8-olate;CBK309330;10.000;166.074;0.837;0.671
873;BJ1897914;gallium-triquinolin-8-olate;CBK309330;30.000;92.571;0.428;0.289
874;BJ1897939;harringtonine;CBK309349;0.300;214.667;0.512;0.625
875;BJ1897939;harringtonine;CBK309349;3.333;152.074;0.274;0.242
876;BJ1897939;harringtonine;CBK309349;10.000;124.963;0.303;0.223
877;BJ1897939;harringtonine;CBK309349;30.000;97.000;0.330;0.248
878;BJ1897957;madrasin;CBK309364;0.300;239.815;0.138;0.417
879;BJ1897957;madrasin;CBK309364;3.333;245.296;0.172;0.559
880;BJ1897957;madrasin;CBK309364;10.000;241.037;0.095;0.338
881;BJ1897957;madrasin;CBK309364;30.000;221.889;0.849;0.654
882;BJ1898014;thiethylperazine;CBK201092;0.300;233.852;0.053;0.228
883;BJ1898014;thiethylperazine;CBK201092;3.333;266.333;0.735;0.885
884;BJ1898014;thiethylperazine;CBK201092;10.000;273.778;0.853;0.738
885;BJ1898014;thiethylperazine;CBK201092;30.000;59.031;0.032;-0.036
886;BJ1898028;haloprogin;CBK041975;0.300;239.301;0.084;0.281
887;BJ1898028;haloprogin;CBK041975;3.333;237.630;0.243;0.637
888;BJ1898028;haloprogin;CBK041975;10.000;187.185;0.278;0.280
889;BJ1898028;haloprogin;CBK041975;30.000;63.388;0.146;0.052
890;BJ1898069;metixene;CBK201107;0.100;245.782;0.039;0.098
891;BJ1898069;metixene;CBK201107;0.300;231.370;0.022;-0.077
892;BJ1898069;metixene;CBK201107;0.833;256.963;0.468;0.837
893;BJ1898069;metixene;CBK201107;3.333;297.302;0.873;0.889
894;BJ1898075;parthenolide-(alternate-stereo);CBK041748;0.100;237.481;0.034;0.021
895;BJ1898075;parthenolide-(alternate-stereo);CBK041748;0.300;237.074;0.089;0.319
896;BJ1898075;parthenolide-(alternate-stereo);CBK041748;0.833;232.556;-0.023;-0.238
897;BJ1898075;parthenolide-(alternate-stereo);CBK041748;3.333;228.926;-0.088;-0.471
898;BJ1898077;prenylamine;CBK200741;0.300;238.148;0.028;-0.057
899;BJ1898077;prenylamine;CBK200741;3.333;272.630;0.673;0.876
900;BJ1898077;prenylamine;CBK200741;10.000;278.741;0.976;0.862
901;BJ1898077;prenylamine;CBK200741;30.000;62.792;-0.092;-0.072
902;BJ1898105;PF-03882845;CBK309402;0.300;235.000;-0.011;-0.026
903;BJ1898105;PF-03882845;CBK309402;3.333;248.778;0.107;0.371
904;BJ1898105;PF-03882845;CBK309402;10.000;222.402;0.049;-0.054
905;BJ1898105;PF-03882845;CBK309402;30.000;232.889;0.349;0.786
906;BJ1898106;PD-156707;CBK309403;0.300;232.250;-0.029;-0.319
907;BJ1898106;PD-156707;CBK309403;3.333;242.852;0.052;0.184
908;BJ1898106;PD-156707;CBK309403;10.000;196.972;0.605;0.588
909;BJ1898106;PD-156707;CBK309403;30.000;73.037;0.594;0.123
910;BJ1898131;mepazine;CBK309424;0.300;242.370;0.038;0.011
911;BJ1898131;mepazine;CBK309424;3.333;257.889;0.507;0.731
912;BJ1898131;mepazine;CBK309424;10.000;279.782;0.923;0.788
913;BJ1898131;mepazine;CBK309424;30.000;248.282;0.511;0.132
914;BJ1898144;imatinib;CBK176259;0.300;243.449;0.127;0.447
915;BJ1898144;imatinib;CBK176259;3.333;266.259;0.369;0.724
916;BJ1898144;imatinib;CBK176259;10.000;285.481;0.711;0.745
917;BJ1898144;imatinib;CBK176259;30.000;263.778;0.000;-0.075
918;BJ1898147;PIK-293;CBK290845;0.300;202.551;0.179;0.244
919;BJ1898147;PIK-293;CBK290845;3.333;224.394;0.734;0.785
920;BJ1898147;PIK-293;CBK290845;10.000;165.119;0.125;-0.085
921;BJ1898147;PIK-293;CBK290845;30.000;11.156;0.032;0.070
922;BJ1898148;sorafenib;CBK278000;0.100;231.519;-0.079;-0.456
923;BJ1898148;sorafenib;CBK278000;0.300;235.444;-0.118;-0.501
924;BJ1898148;sorafenib;CBK278000;0.833;217.824;-0.247;-0.548
925;BJ1898148;sorafenib;CBK278000;3.333;224.519;-0.090;-0.448
926;BJ1898149;STF-62247;CBK289821;0.100;251.519;0.141;0.383
927;BJ1898149;STF-62247;CBK289821;0.300;250.444;0.077;-0.025
928;BJ1898149;STF-62247;CBK289821;0.833;251.815;0.246;0.309
929;BJ1898149;STF-62247;CBK289821;3.333;243.917;0.428;0.194
930;BJ1898155;elesclomol;CBK290478;0.300;217.852;0.101;0.225
931;BJ1898155;elesclomol;CBK290478;3.333;243.111;0.474;0.799
932;BJ1898155;elesclomol;CBK290478;10.000;250.296;0.298;0.732
933;BJ1898155;elesclomol;CBK290478;30.000;235.889;0.197;0.587
934;BJ1898158;masitinib;CBK277997;0.300;209.481;0.148;0.146
935;BJ1898160;crizotinib-(S);CBK277930;0.100;234.296;0.061;0.279
936;BJ1898160;crizotinib-(S);CBK277930;0.300;241.185;0.012;0.161
937;BJ1898160;crizotinib-(S);CBK277930;0.833;206.815;0.138;0.408
938;BJ1898160;crizotinib-(S);CBK277930;3.333;172.190;0.620;0.582
939;BJ1898163;MK-2206;CBK277971;0.100;232.255;0.063;0.323
940;BJ1898163;MK-2206;CBK277971;0.300;231.444;0.128;0.432
941;BJ1898163;MK-2206;CBK277971;0.833;203.778;0.164;0.465
942;BJ1898163;MK-2206;CBK277971;3.333;232.889;0.798;0.788
943;BJ1898164;SU11274;CBK288272;0.300;225.370;0.148;0.428
944;BJ1898164;SU11274;CBK288272;3.333;243.259;0.617;0.603
945;BJ1898164;SU11274;CBK288272;10.000;168.302;0.475;0.414
946;BJ1898164;SU11274;CBK288272;30.000;217.000;0.555;0.494
947;BJ1898207;serdemetan;CBK277938;0.300;241.333;-0.073;-0.305
948;BJ1898207;serdemetan;CBK277938;3.333;246.042;0.403;0.748
949;BJ1898207;serdemetan;CBK277938;10.000;260.130;0.888;0.743
950;BJ1898207;serdemetan;CBK277938;30.000;232.857;0.381;-0.055
951;BJ1898224;YM-201636;CBK290808;0.300;232.407;0.164;0.436
952;BJ1898224;YM-201636;CBK290808;3.333;245.296;0.417;0.504
953;BJ1898224;YM-201636;CBK290808;10.000;230.831;0.161;-0.006
954;BJ1898224;YM-201636;CBK290808;30.000;202.333;-0.034;-0.209
955;BJ1898237;cinacalcet;CBK290507;0.300;231.481;0.055;0.124
956;BJ1898237;cinacalcet;CBK290507;3.333;244.185;0.504;0.838
957;BJ1898237;cinacalcet;CBK290507;10.000;195.565;0.782;0.319
958;BJ1898237;cinacalcet;CBK290507;30.000;15.500;-0.273;0.040
959;BJ1898239;PD-173074;CBK290509;0.100;226.926;0.014;-0.029
960;BJ1898239;PD-173074;CBK290509;0.300;214.148;-0.030;-0.248
961;BJ1898239;PD-173074;CBK290509;0.833;236.745;0.190;0.380
962;BJ1898239;PD-173074;CBK290509;3.333;246.593;0.619;0.733
963;BJ1898256;ruxolitinib-(S);CBK277968;0.300;208.481;0.102;0.184
964;BJ1898256;ruxolitinib-(S);CBK277968;3.333;237.630;0.102;0.229
965;BJ1898256;ruxolitinib-(S);CBK277968;10.000;225.222;0.006;-0.161
966;BJ1898256;ruxolitinib-(S);CBK277968;30.000;116.952;-0.064;-0.242
967;BJ1898276;thiazovivin;CBK290556;0.100;267.037;0.162;0.443
968;BJ1898276;thiazovivin;CBK290556;0.300;252.741;0.122;0.257
969;BJ1898276;thiazovivin;CBK290556;0.833;216.630;0.231;0.106
970;BJ1898276;thiazovivin;CBK290556;3.333;218.819;-0.002;-0.179
971;BJ1898293;LY2228820;CBK278128;0.300;205.921;-0.267;-0.503
972;BJ1898293;LY2228820;CBK278128;3.333;294.880;0.973;0.927
973;BJ1898293;LY2228820;CBK278128;10.000;286.222;1.024;0.891
974;BJ1898293;LY2228820;CBK278128;30.000;232.954;0.691;0.623
975;BJ1898312;AM-1241;CBK290755;0.300;245.556;0.129;0.248
976;BJ1898312;AM-1241;CBK290755;3.333;253.593;0.232;0.487
977;BJ1898312;AM-1241;CBK290755;10.000;274.185;0.812;0.924
978;BJ1898312;AM-1241;CBK290755;30.000;260.574;0.715;0.598
979;BJ1898322;KU-60019;CBK288313;0.300;271.056;0.119;0.173
980;BJ1898322;KU-60019;CBK288313;3.333;238.407;0.093;0.106
981;BJ1898322;KU-60019;CBK288313;10.000;260.634;0.473;0.671
982;BJ1898322;KU-60019;CBK288313;30.000;239.912;0.493;0.417
983;BJ1898323;doramapimod;CBK277959;0.300;229.324;-0.115;-0.427
984;BJ1898323;doramapimod;CBK277959;3.333;245.556;0.293;0.434
985;BJ1898323;doramapimod;CBK277959;10.000;264.116;0.647;0.760
986;BJ1898323;doramapimod;CBK277959;30.000;161.264;0.434;0.438
987;BJ1898324;tie2-kinase-inhibitor;CBK290589;0.300;240.111;0.069;0.186
988;BJ1898324;tie2-kinase-inhibitor;CBK290589;3.333;270.556;0.220;0.549
989;BJ1898324;tie2-kinase-inhibitor;CBK290589;10.000;287.148;0.648;0.726
990;BJ1898324;tie2-kinase-inhibitor;CBK290589;30.000;262.940;0.616;0.541
991;BJ1898352;curcumin;CBK289923;0.300;213.148;-0.014;-0.222
992;BJ1898352;curcumin;CBK289923;3.333;250.519;0.039;0.080
993;BJ1898352;curcumin;CBK289923;10.000;235.222;0.149;0.409
994;BJ1898352;curcumin;CBK289923;30.000;153.347;0.677;0.285
995;BJ1898398;dronedarone;CBK290933;0.100;237.074;0.053;0.193
996;BJ1898398;dronedarone;CBK290933;0.300;236.407;0.057;0.140
997;BJ1898398;dronedarone;CBK290933;0.833;255.852;0.454;0.832
998;BJ1898398;dronedarone;CBK290933;3.333;259.370;0.891;0.719
999;BJ1898404;bazedoxifene;CBK290959;0.100;231.000;0.009;0.044
1000;BJ1898404;bazedoxifene;CBK290959;0.300;245.111;0.011;0.099
1001;BJ1898404;bazedoxifene;CBK290959;0.833;238.000;0.154;0.566
1002;BJ1898404;bazedoxifene;CBK290959;3.333;277.491;0.834;0.819
1003;BJ1898414;LY2608204;CBK290747;0.300;236.111;0.063;0.325
1004;BJ1898414;LY2608204;CBK290747;3.333;261.819;0.793;0.883
1005;BJ1898414;LY2608204;CBK290747;10.000;262.815;0.639;0.548
1006;BJ1898414;LY2608204;CBK290747;30.000;142.653;0.060;-0.196
1007;BJ1898416;KW-2449;CBK288267;0.300;247.481;0.155;0.521
1008;BJ1898416;KW-2449;CBK288267;3.333;154.667;0.521;0.490
1009;BJ1898416;KW-2449;CBK288267;10.000;102.227;0.726;0.509
1010;BJ1898416;KW-2449;CBK288267;30.000;17.755;0.168;0.087
1011;BJ1898424;ixazomib;CBK290656;0.100;216.148;0.023;0.025
1012;BJ1898424;ixazomib;CBK290656;0.300;197.741;0.209;0.293
1013;BJ1898424;ixazomib;CBK290656;0.833;181.407;0.214;0.296
1014;BJ1898424;ixazomib;CBK290656;3.333;151.630;0.221;0.294
1015;BJ1898425;ixazomib-citrate;CBK290657;0.100;234.889;0.334;0.493
1016;BJ1898425;ixazomib-citrate;CBK290657;0.300;186.598;0.215;0.280
1017;BJ1898425;ixazomib-citrate;CBK290657;0.833;176.630;0.273;0.315
1018;BJ1898425;ixazomib-citrate;CBK290657;3.333;152.639;0.244;0.306
1019;BJ1898426;NVP-BGJ398;CBK278066;0.100;213.481;0.055;0.050
1020;BJ1898426;NVP-BGJ398;CBK278066;0.300;211.593;0.009;-0.072
1021;BJ1898426;NVP-BGJ398;CBK278066;0.833;227.852;0.013;0.023
1022;BJ1898426;NVP-BGJ398;CBK278066;3.333;215.926;0.112;0.302
1023;BJ1898431;GSK461364;CBK288275;0.100;157.037;0.032;-0.007
1024;BJ1898431;GSK461364;CBK288275;0.300;140.778;0.060;0.065
1025;BJ1898431;GSK461364;CBK288275;0.833;155.704;0.172;0.215
1026;BJ1898431;GSK461364;CBK288275;3.333;155.852;0.684;0.616
1027;BJ1898434;SGI-1776;CBK290660;0.100;245.074;0.140;0.501
1028;BJ1898434;SGI-1776;CBK290660;0.300;224.556;-0.035;-0.119
1029;BJ1898434;SGI-1776;CBK290660;0.833;245.444;0.241;0.628
1030;BJ1898434;SGI-1776;CBK290660;3.333;257.741;0.626;0.896
1031;BJ1898435;metatinib;CBK290661;0.300;225.741;-0.066;-0.423
1032;BJ1898435;metatinib;CBK290661;3.333;242.111;0.031;-0.205
1033;BJ1898435;metatinib;CBK290661;10.000;243.444;0.099;0.229
1034;BJ1898435;metatinib;CBK290661;30.000;145.241;0.300;0.376
1035;BJ1898436;NVP-BHG712;CBK288325;0.300;229.111;0.031;-0.183
1036;BJ1898436;NVP-BHG712;CBK288325;3.333;250.218;0.453;0.261
1037;BJ1898436;NVP-BHG712;CBK288325;10.000;169.933;0.257;0.034
1038;BJ1898436;NVP-BHG712;CBK288325;30.000;219.800;0.281;0.218
1039;BJ1898444;UK-383367;CBK290958;0.300;239.704;-0.007;-0.088
1040;BJ1898444;UK-383367;CBK290958;3.333;236.185;0.053;-0.057
1041;BJ1898444;UK-383367;CBK290958;10.000;233.778;0.233;0.550
1042;BJ1898444;UK-383367;CBK290958;30.000;234.333;0.181;0.302
1043;BJ1898465;andrographolide;CBK290667;0.100;236.852;0.007;-0.020
1044;BJ1898465;andrographolide;CBK290667;0.300;236.111;-0.102;-0.339
1045;BJ1898465;andrographolide;CBK290667;0.833;226.551;-0.059;-0.245
1046;BJ1898465;andrographolide;CBK290667;3.333;235.509;-0.056;-0.273
1047;BJ1898499;Oridonin (Isodonol);CBK290700;0.100;224.444;-0.016;-0.278
1048;BJ1898499;Oridonin (Isodonol);CBK290700;0.300;232.926;0.036;-0.085
1049;BJ1898499;Oridonin (Isodonol);CBK290700;0.833;231.741;-0.022;-0.301
1050;BJ1898499;Oridonin (Isodonol);CBK290700;3.333;228.704;0.031;-0.021
1051;BJ1898503;parthenolide-(alternate-stereo);CBK041748;0.100;236.370;0.024;-0.115
1052;BJ1898503;parthenolide-(alternate-stereo);CBK041748;0.300;243.704;0.058;0.159
1053;BJ1898503;parthenolide-(alternate-stereo);CBK041748;0.833;236.926;0.069;0.084
1054;BJ1898503;parthenolide-(alternate-stereo);CBK041748;3.333;234.407;-0.107;-0.485
1055;BJ1898508;Salinomycin (Procoxacin);CBK041734;0.300;270.963;0.846;0.830
1056;BJ1898508;Salinomycin (Procoxacin);CBK041734;3.333;250.872;0.842;0.758
1057;BJ1898508;Salinomycin (Procoxacin);CBK041734;10.000;256.009;0.603;0.411
1058;BJ1898508;Salinomycin (Procoxacin);CBK041734;30.000;228.639;0.185;-0.193
1059;BJ1898542;tetrandrine;CBK175924;0.300;246.704;0.191;0.527
1060;BJ1898542;tetrandrine;CBK175924;3.333;259.991;0.753;0.822
1061;BJ1898542;tetrandrine;CBK175924;10.000;263.667;0.115;0.009
1062;BJ1898542;tetrandrine;CBK175924;30.000;188.714;-0.106;-0.203
1063;BJ1898579;MG-132;CBK289827;0.300;255.778;0.723;0.689
1064;BJ1898579;MG-132;CBK289827;3.333;101.481;0.363;0.305
1065;BJ1898579;MG-132;CBK289827;10.000;65.333;0.275;0.170
1066;BJ1898579;MG-132;CBK289827;30.000;47.852;0.264;0.104
1067;BJ1898588;NPS-2143;CBK309440;0.300;238.444;0.054;0.115
1068;BJ1898588;NPS-2143;CBK309440;3.333;263.278;0.866;0.884
1069;BJ1898588;NPS-2143;CBK309440;10.000;165.190;0.241;-0.025
1070;BJ1898589;rebastinib;CBK278097;0.100;244.741;0.134;0.485
1071;BJ1898589;rebastinib;CBK278097;0.300;237.333;0.094;0.378
1072;BJ1898589;rebastinib;CBK278097;0.833;237.148;0.074;0.361
1073;BJ1898589;rebastinib;CBK278097;3.333;225.111;-0.030;0.262
1074;BJ1898590;CCT128930;CBK288338;0.100;242.778;0.054;0.196
1075;BJ1898590;CCT128930;CBK288338;0.300;245.556;-0.024;-0.050
1076;BJ1898590;CCT128930;CBK288338;0.833;247.815;0.097;0.197
1077;BJ1898590;CCT128930;CBK288338;3.333;249.926;0.522;0.435
1078;BJ1898592;NU-7441;CBK288340;0.100;223.940;0.002;-0.284
1079;BJ1898592;NU-7441;CBK288340;0.300;220.667;-0.054;-0.405
1080;BJ1898592;NU-7441;CBK288340;0.833;243.894;0.248;0.193
1081;BJ1898592;NU-7441;CBK288340;3.333;224.981;0.567;0.491
1082;BJ1898614;NVP-BSK805;CBK288351;0.100;242.185;0.055;0.299
1083;BJ1898614;NVP-BSK805;CBK288351;0.300;240.370;0.062;0.237
1084;BJ1898614;NVP-BSK805;CBK288351;0.833;242.407;0.251;0.694
1085;BJ1898614;NVP-BSK805;CBK288351;3.333;247.852;0.597;0.753
1086;BJ1898617;WAY-600;CBK288346;0.100;237.741;0.014;0.065
1087;BJ1898617;WAY-600;CBK288346;0.300;235.519;0.252;0.678
1088;BJ1898617;WAY-600;CBK288346;0.833;248.185;0.447;0.769
1089;BJ1898617;WAY-600;CBK288346;3.333;241.747;0.470;0.183
1090;BJ1898626;LY2109761;CBK290814;0.300;254.630;0.200;0.662
1091;BJ1898626;LY2109761;CBK290814;3.333;241.852;0.093;0.418
1092;BJ1898626;LY2109761;CBK290814;10.000;227.519;-0.042;0.234
1093;BJ1898626;LY2109761;CBK290814;30.000;236.926;-0.239;0.022
1094;BJ1898633;AMG900;CBK288349;0.100;191.148;0.099;0.192
1095;BJ1898633;AMG900;CBK288349;0.300;183.852;0.181;0.225
1096;BJ1898633;AMG900;CBK288349;0.833;186.704;-0.009;-0.079
1097;BJ1898633;AMG900;CBK288349;3.333;193.741;-0.012;-0.145
1098;BJ1898637;tyrphostin-AG-1478;CBK013405;0.300;228.593;0.011;-0.088
1099;BJ1898637;tyrphostin-AG-1478;CBK013405;3.333;238.556;0.134;0.473
1100;BJ1898637;tyrphostin-AG-1478;CBK013405;10.000;246.875;0.407;0.618
1101;BJ1898637;tyrphostin-AG-1478;CBK013405;30.000;160.315;0.419;0.299
1102;BJ1898639;SCH-900776;CBK293853;0.300;231.741;-0.047;-0.270
1103;BJ1898639;SCH-900776;CBK293853;3.333;257.630;0.259;0.559
1104;BJ1898639;SCH-900776;CBK293853;10.000;244.074;0.655;0.672
1105;BJ1898639;SCH-900776;CBK293853;30.000;189.481;0.980;0.698
1106;BJ1898667;CCT129202;CBK290829;0.300;236.519;0.136;0.386
1107;BJ1898667;CCT129202;CBK290829;3.333;224.815;0.003;-0.170
1108;BJ1898667;CCT129202;CBK290829;10.000;227.407;0.068;0.216
1109;BJ1898667;CCT129202;CBK290829;30.000;191.963;0.383;0.563
1110;BJ1898678;lonafarnib;CBK290840;0.300;229.111;0.059;0.303
1111;BJ1898678;lonafarnib;CBK290840;3.333;239.259;0.234;0.593
1112;BJ1898678;lonafarnib;CBK290840;10.000;220.361;0.617;0.763
1113;BJ1898678;lonafarnib;CBK290840;30.000;190.106;0.553;0.563
1114;BJ1898700;Cathepsin Inhibitor 1;CBK290949;0.300;269.185;0.536;0.906
1115;BJ1898700;Cathepsin Inhibitor 1;CBK290949;3.333;287.889;0.769;0.932
1116;BJ1898700;Cathepsin Inhibitor 1;CBK290949;10.000;278.958;0.882;0.937
1117;BJ1898700;Cathepsin Inhibitor 1;CBK290949;30.000;282.381;0.899;0.914
1118;BJ1898702;carfilzomib;CBK278015;0.100;172.296;0.211;0.289
1119;BJ1898702;carfilzomib;CBK278015;0.300;125.944;0.268;0.304
1120;BJ1898702;carfilzomib;CBK278015;0.833;92.167;0.242;0.260
1121;BJ1898702;carfilzomib;CBK278015;3.333;76.898;0.186;0.183
1122;BJ1898706;stemregenin-1;CBK278075;0.300;237.037;0.156;0.533
1123;BJ1898706;stemregenin-1;CBK278075;3.333;238.185;0.282;0.625
1124;BJ1898706;stemregenin-1;CBK278075;10.000;268.338;0.836;0.848
1125;BJ1898706;stemregenin-1;CBK278075;30.000;120.304;0.109;-0.105
1126;BJ1898707;golvatinib;CBK290876;0.100;224.440;-0.041;-0.312
1127;BJ1898707;golvatinib;CBK290876;0.300;234.000;-0.032;-0.276
1128;BJ1898707;golvatinib;CBK290876;0.833;240.963;0.087;0.144
1129;BJ1898707;golvatinib;CBK290876;3.333;252.644;0.496;0.794
1130;BJ1898725;go-6983;CBK290912;0.100;233.259;0.056;-0.008
1131;BJ1898725;go-6983;CBK290912;0.300;229.296;0.020;0.014
1132;BJ1898725;go-6983;CBK290912;0.833;236.074;0.028;-0.131
1133;BJ1898725;go-6983;CBK290912;3.333;261.176;0.114;0.051
1134;BJ1898770;butenafine;CBK200970;0.300;240.519;0.050;0.271
1135;BJ1898770;butenafine;CBK200970;3.333;198.148;0.046;-0.106
1136;BJ1898770;butenafine;CBK200970;10.000;249.407;0.357;0.820
1137;BJ1898770;butenafine;CBK200970;30.000;256.444;0.688;0.896
1138;BJ1898772;benztropine-mesylate;CBK011710;0.300;231.593;-0.044;-0.259
1139;BJ1898772;benztropine-mesylate;CBK011710;3.333;258.148;0.487;0.853
1140;BJ1898772;benztropine-mesylate;CBK011710;10.000;279.000;0.783;0.862
1141;BJ1898772;benztropine-mesylate;CBK011710;30.000;272.764;0.808;0.610
1142;BJ1898822;azaguanine-8;CBK200513;0.100;243.000;0.052;0.188
1143;BJ1898822;azaguanine-8;CBK200513;0.300;246.444;0.136;0.401
1144;BJ1898822;azaguanine-8;CBK200513;0.833;239.037;0.055;0.094
1145;BJ1898822;azaguanine-8;CBK200513;3.333;240.222;0.151;0.505
1146;BJ1898834;ebastine;CBK309467;0.300;232.444;-0.006;-0.254
1147;BJ1898834;ebastine;CBK309467;3.333;270.111;0.565;0.851
1148;BJ1898834;ebastine;CBK309467;10.000;249.856;0.745;0.857
1149;BJ1898834;ebastine;CBK309467;30.000;142.296;0.338;0.169
1150;BJ1898849;tenovin-6;CBK309476;0.100;232.444;0.104;0.328
1151;BJ1898849;tenovin-6;CBK309476;0.300;241.037;0.108;0.203
1152;BJ1898849;tenovin-6;CBK309476;0.833;231.704;-0.004;-0.204
1153;BJ1898849;tenovin-6;CBK309476;3.333;255.370;0.798;0.799
1154;BJ1898853;fingolimod;CBK277984;0.300;232.556;-0.026;-0.376
1155;BJ1898853;fingolimod;CBK277984;3.333;254.942;0.405;0.517
1156;BJ1898853;fingolimod;CBK277984;10.000;258.222;0.802;0.664
1157;BJ1898853;fingolimod;CBK277984;30.000;10.667;0.414;0.070
1158;BJ1898866;NVP-AEW541;CBK303872;0.100;236.407;0.072;0.250
1159;BJ1898866;NVP-AEW541;CBK303872;0.300;233.037;-0.089;-0.496
1160;BJ1898866;NVP-AEW541;CBK303872;0.833;229.852;0.012;-0.233
1161;BJ1898866;NVP-AEW541;CBK303872;3.333;249.513;0.149;0.017
1162;BJ1898868;XL019;CBK293875;0.300;233.889;0.030;0.083
1163;BJ1898868;XL019;CBK293875;3.333;231.519;0.043;-0.226
1164;BJ1898868;XL019;CBK293875;10.000;252.667;0.349;0.171
1165;BJ1898868;XL019;CBK293875;30.000;254.130;0.604;0.069
1166;BJ1898873;oprozomib;CBK290970;0.100;214.741;0.357;0.477
1167;BJ1898873;oprozomib;CBK290970;0.300;208.926;0.243;0.364
1168;BJ1898873;oprozomib;CBK290970;0.833;187.074;0.186;0.293
1169;BJ1898873;oprozomib;CBK290970;3.333;151.065;0.195;0.282
1170;BJ1898883;VE-822;CBK293885;0.100;251.963;0.152;0.477
1171;BJ1898883;VE-822;CBK293885;0.300;258.630;0.200;0.419
1172;BJ1898883;VE-822;CBK293885;0.833;294.963;0.495;0.644
1173;BJ1898883;VE-822;CBK293885;3.333;284.370;0.632;0.473
1174;BJ1898889;NU-6027;CBK290998;0.300;238.000;-0.039;-0.216
1175;BJ1898889;NU-6027;CBK290998;3.333;244.704;0.383;0.795
1176;BJ1898889;NU-6027;CBK290998;10.000;247.370;0.472;0.770
1177;BJ1898889;NU-6027;CBK290998;30.000;229.630;0.540;0.386
1178;BJ1898900;P22077;CBK309493;0.300;234.630;0.028;0.092
1179;BJ1898900;P22077;CBK309493;3.333;231.444;-0.044;-0.335
1180;BJ1898900;P22077;CBK309493;10.000;189.370;0.279;0.474
1181;BJ1898900;P22077;CBK309493;30.000;94.419;0.244;0.100
1182;BJ1898903;BMS-833923;CBK309496;0.100;243.481;0.112;0.330
1183;BJ1898903;BMS-833923;CBK309496;0.300;236.963;0.177;0.567
1184;BJ1898903;BMS-833923;CBK309496;0.833;247.556;0.172;0.537
1185;BJ1898903;BMS-833923;CBK309496;3.333;287.352;0.867;0.895
1186;BJ1898909;NLG919;CBK309499;0.300;254.037;0.122;0.460
1187;BJ1898909;NLG919;CBK309499;3.333;162.481;0.612;0.361
1188;BJ1898909;NLG919;CBK309499;10.000;22.083;-0.240;0.041
1189;BJ1898909;NLG919;CBK309499;30.000;56.375;0.156;0.080
1190;BJ1898911;NSC-319726;CBK309500;0.100;222.986;-0.075;-0.416
1191;BJ1898911;NSC-319726;CBK309500;0.300;218.185;-0.027;-0.161
1192;BJ1898911;NSC-319726;CBK309500;0.833;206.889;-0.055;-0.319
1193;BJ1898911;NSC-319726;CBK309500;3.333;204.630;0.196;0.137
1194;BJ1898918;UNC1999;CBK301270;0.300;240.481;0.024;0.079
1195;BJ1898918;UNC1999;CBK301270;3.333;252.444;0.213;0.666
1196;BJ1898918;UNC1999;CBK301270;10.000;270.481;0.726;0.880
1197;BJ1898918;UNC1999;CBK301270;30.000;272.986;0.623;0.566
1198;BJ1898941;AZD2858;CBK293867;0.100;235.185;-0.061;-0.400
1199;BJ1898941;AZD2858;CBK293867;0.300;234.111;-0.105;-0.433
1200;BJ1898941;AZD2858;CBK293867;0.833;269.519;0.014;-0.290
1201;BJ1898941;AZD2858;CBK293867;3.333;256.421;0.002;-0.287
1202;BJ1898944;SKLB1002;CBK309514;0.300;238.074;-0.033;-0.206
1203;BJ1898944;SKLB1002;CBK309514;3.333;238.148;-0.033;-0.260
1204;BJ1898944;SKLB1002;CBK309514;10.000;227.926;-0.008;0.020
1205;BJ1898944;SKLB1002;CBK309514;30.000;203.000;0.165;0.354
1206;BJ1898949;SGI-1027;CBK309519;0.100;245.000;0.092;0.469
1207;BJ1898949;SGI-1027;CBK309519;0.300;224.000;-0.015;-0.246
1208;BJ1898949;SGI-1027;CBK309519;0.833;242.852;0.473;0.838
1209;BJ1898949;SGI-1027;CBK309519;3.333;96.024;0.211;0.112
1210;BJ1898951;JIB04;CBK309521;0.300;233.667;-0.013;-0.275
1211;BJ1898951;JIB04;CBK309521;3.333;220.704;0.160;0.398
1212;BJ1898951;JIB04;CBK309521;10.000;205.095;0.308;0.435
1213;BJ1898951;JIB04;CBK309521;30.000;173.093;0.705;0.022
1214;BJ1898963;EHop-016;CBK293872;0.100;217.481;-0.005;-0.189
1215;BJ1898963;EHop-016;CBK293872;0.300;235.667;-0.003;-0.084
1216;BJ1898963;EHop-016;CBK293872;0.833;242.963;0.346;0.567
1217;BJ1898963;EHop-016;CBK293872;3.333;267.926;0.800;0.776
1218;BJ1898984;ZLN005;CBK309541;0.300;233.704;0.067;0.205
1219;BJ1898984;ZLN005;CBK309541;3.333;262.370;0.251;0.500
1220;BJ1898984;ZLN005;CBK309541;10.000;267.333;0.611;0.797
1221;BJ1898984;ZLN005;CBK309541;30.000;252.435;0.823;0.710
1222;BJ1898993;CK-636;CBK309549;0.300;232.185;0.006;-0.123
1223;BJ1898993;CK-636;CBK309549;3.333;234.148;-0.011;-0.000
1224;BJ1898993;CK-636;CBK309549;10.000;240.074;0.038;0.245
1225;BJ1898993;CK-636;CBK309549;30.000;227.593;0.021;0.111
1226;BJ1898994;crizotinib-(S);CBK277930;0.300;235.519;0.022;-0.042
1227;BJ1898994;crizotinib-(S);CBK277930;3.333;264.185;0.810;0.822
1228;BJ1898994;crizotinib-(S);CBK277930;10.000;251.614;0.459;0.243
1229;BJ1898994;crizotinib-(S);CBK277930;30.000;54.230;-0.104;-0.055
1230;BJ1898995;ML167;CBK309550;0.300;232.736;0.073;0.240
1231;BJ1898995;ML167;CBK309550;3.333;259.704;0.162;0.553
1232;BJ1898995;ML167;CBK309550;10.000;242.481;0.284;0.672
1233;BJ1898995;ML167;CBK309550;30.000;230.815;0.342;0.699
1234;BJ1898998;Y-320;CBK309552;0.100;233.741;-0.035;-0.210
1235;BJ1898998;Y-320;CBK309552;0.300;233.434;0.138;0.308
1236;BJ1898998;Y-320;CBK309552;0.833;231.889;0.124;0.135
1237;BJ1898998;Y-320;CBK309552;3.333;255.444;0.408;0.648
1238;BJ1899013;Omaveloxolone (RTA-408);CBK303921;0.300;227.704;-0.078;-0.444
1239;BJ1899013;Omaveloxolone (RTA-408);CBK303921;3.333;13.381;0.123;0.068
1240;BJ1899013;Omaveloxolone (RTA-408);CBK303921;10.000;9.190;0.368;0.078
1241;BJ1899013;Omaveloxolone (RTA-408);CBK303921;30.000;5.000;-0.350;0.055
1242;BJ1899023;Endoxifen HCl;CBK309561;0.300;229.185;0.010;0.046
1243;BJ1899023;Endoxifen HCl;CBK309561;3.333;280.704;0.809;0.920
1244;BJ1899023;Endoxifen HCl;CBK309561;10.000;266.556;0.866;0.799
1245;BJ1899023;Endoxifen HCl;CBK309561;30.000;62.867;-0.251;-0.138
1246;BJ1899046;PRT062607;CBK290997;0.300;218.741;-0.020;-0.344
1247;BJ1899046;PRT062607;CBK290997;3.333;232.111;0.752;0.733
1248;BJ1899046;PRT062607;CBK290997;10.000;126.778;0.624;0.239
1249;BJ1899046;PRT062607;CBK290997;30.000;21.000;0.535;0.072
1250;BJ1899060;Bardoxolone Methyl;CBK293868;0.300;224.704;0.084;0.088
1251;BJ1899060;Bardoxolone Methyl;CBK293868;3.333;20.250;-0.082;0.044
1252;BJ1899137;thaliblastine;CBK309632;0.300;255.333;0.182;0.490
1253;BJ1899137;thaliblastine;CBK309632;3.333;273.238;0.671;0.538
1254;BJ1899137;thaliblastine;CBK309632;10.000;273.709;0.404;0.167
1255;BJ1899137;thaliblastine;CBK309632;30.000;257.394;0.052;-0.103
1256;BJ1899181;ditiocarb-sodium-trihydrate;CBK309668;0.300;226.407;-0.096;-0.379
1257;BJ1899181;ditiocarb-sodium-trihydrate;CBK309668;3.333;237.630;0.074;0.077
1258;BJ1899181;ditiocarb-sodium-trihydrate;CBK309668;10.000;250.407;0.055;0.285
1259;BJ1899181;ditiocarb-sodium-trihydrate;CBK309668;30.000;249.407;0.455;0.762
1260;BJ1899227;7-methoxytacrine;CBK309711;0.300;240.556;0.037;-0.077
1261;BJ1899227;7-methoxytacrine;CBK309711;3.333;252.111;0.294;0.770
1262;BJ1899227;7-methoxytacrine;CBK309711;10.000;268.037;0.755;0.885
1263;BJ1899227;7-methoxytacrine;CBK309711;30.000;249.667;0.838;0.691
1264;DD4386006;Remdesivir;CBK310015;0.008;241.389;0.070;0.310
1265;DD4386006;Remdesivir;CBK310015;0.033;260.956;0.442;0.782
1266;DD4386006;Remdesivir;CBK310015;0.100;278.021;0.811;0.821
1267;DD4386006;Remdesivir;CBK310015;0.300;291.450;0.949;0.953
1268;DD4386006;Remdesivir;CBK310015;0.833;283.889;0.995;0.933
1269;DD4386006;Remdesivir;CBK310015;3.333;268.022;1.033;0.907
1270;DD4386006;Remdesivir;CBK310015;10.000;255.473;1.025;0.833
1271;DD4386006;Remdesivir;CBK310015;30.000;241.597;1.046;0.814
1272;DI1202001;GC376;CBK310023;0.008;236.500;-0.011;-0.079
1273;DI1202001;GC376;CBK310023;0.033;238.917;0.045;-0.067
1274;DI1202001;GC376;CBK310023;0.100;237.056;0.082;0.109
1275;DI1202001;GC376;CBK310023;0.300;250.447;0.239;0.740
1276;DI1202001;GC376;CBK310023;0.833;257.000;0.427;0.701
1277;DI1202001;GC376;CBK310023;3.333;290.669;0.953;0.967
1278;DI1202001;GC376;CBK310023;10.000;297.497;0.968;0.960
1279;DI1202001;GC376;CBK310023;30.000;287.616;0.949;0.937
1280;DMSO;DMSO;CBK281357;0.300;234.138;0.013;-0.094
1281;DO8167002;Nirmatrelvir;DO8167002;0.008;232.556;0.087;0.226
1282;DO8167002;Nirmatrelvir;DO8167002;0.033;237.444;-0.063;-0.325
1283;DO8167002;Nirmatrelvir;DO8167002;0.100;237.660;-0.070;-0.374
1284;DO8167002;Nirmatrelvir;DO8167002;0.300;237.717;-0.008;-0.117
1285;DO8167002;Nirmatrelvir;DO8167002;0.833;294.056;0.931;0.952
1286;DO8167002;Nirmatrelvir;DO8167002;3.333;289.889;0.978;0.964
1287;DO8167002;Nirmatrelvir;DO8167002;10.000;291.007;0.982;0.964
1288;DO8167002;Nirmatrelvir;DO8167002;30.000;290.289;0.982;0.962
1289;[etop];Etoposide;[etop];5.000;174.494;-0.050;-0.083
1290;[fenb];Fenbendazole;[fenb];5.000;127.446;0.006;-0.210
1291;[flup];Fluphenazine;[flup];5.000;268.268;0.722;0.846
1292;[stau];Staurosporine;[stau];0.100;15.709;-0.038;0.050
1293;non-inf;non-inf;CBK281357;0.300;301.982;0.987;1.000
